,symbol
0,TAEQ
1,TEGS
2,GNRS
3,SIXS
4,SIXL
5,SIXH
6,SIXA
7,THNQ
8,SJ
9,CTO
10,TARA
11,ACB
12,HRSTD
13,KC
14,TADS
15,TAAG
16,HUSN
17,ICL
18,CRDF
19,DSS
20,ARB
21,UFPI
22,CLEU
23,DBCP
24,CLPBY
25,GAN
26,GAU
27,LSAC
28,UMAY
29,PMAY
30,BMAY
31,NMTR
32,LYRA
33,DFPH
34,OILND
35,TYG
36,NDP
37,TTP
38,NTG
39,NBAC
40,DEED
41,APG
42,WINTD
43,USO
44,GXG
45,MLPA
46,MLPX
47,GREK
48,PAK
49,FEAC
50,BKAG
51,BKHY
52,ORIC
53,BKSB
54,BKIE
55,BKEM
56,DKNG
57,NBR
58,BRZU
59,DUST
60,JDST
61,NUGT
62,TECS
63,UBOT
64,HIBL
65,TMV
66,ZMLP
67,DPST
68,RETL
69,JNUG
70,MSGE
71,TTT
72,SMDD
73,BOIL
74,UCO
75,DIG
76,OILK
77,STLC
78,STSB
79,STMB
80,PKDCD
81,ENT
82,BBMC
83,CREG
84,CYCC
85,TBLT
86,FRAK
87,KOL
88,EINC
89,CHK
90,BNTC
91,REMX
92,OIH
93,GER
94,GMZ
95,DMYT
96,PACV
97,GMBL
98,BKMC
99,BKSE
100,BKLC
101,WISA
102,KROS
103,KOKU
104,AVCT
105,HSMV
106,SALT
107,FLV
108,KAPR
109,FDG
110,ZNTL
111,CCXX
112,ZGYH
113,OTIS
114,CARR
115,RTX
116,CCAC
117,NAPR
118,SONN
119,AON
120,WIMI
121,WUGI
122,ARNC
123,HWM
124,MTXWF
125,METX
126,BIPC
127,AMZA
128,XOP
129,XES
130,RFM
131,MEXX
132,LBJ
133,APVO
134,EKSO
135,GUSH
136,ERX
137,RSSS
138,MCEP
139,YECO
140,CALB
141,USAU
142,LUMO
143,IGIC
144,ESSC
145,GHIV
146,SCVX
147,GLG
148,TAPR
149,DFNS
150,SUMR
151,BWMX
152,CTIB
153,AIKI
154,IMRA
155,ICD
156,WCTXF
157,KEGX
158,HLPPY
159,OBLG
160,GDYN
161,BFYT
162,CBD
163,GFL
164,BMAR
165,UMAR
166,ECOZ
167,PMAR
168,LRNZ
169,PRMW
170,MTP
171,TT
172,IR
173,BUYZ
174,HELX
175,IQM
176,PASG
177,ATCO
178,SGLB
179,IBTB
180,IBTF
181,IBTI
182,IBTG
183,IBTD
184,IBTH
185,HDIV
186,IBTE
187,IPV
188,IBTJ
189,IBTA
190,WMMVY
191,FFEB
192,DFEB
193,SNUG
194,DLY
195,BAFYY
196,SBSW
197,HCRB
198,AVEO
199,ZCMD
200,GSMG
201,ATCX
202,ALTG
203,EEX
204,TFII
205,DUOT
206,RVMD
207,AWAY
208,MEDS
209,CLPT
210,GRIL
211,HUIZ
212,BATL
213,ARMR
214,NVIV
215,PAE
216,MSBHY
217,VRT
218,BLPH
219,NREF
220,PFHD
221,ONEW
222,COFS
223,LDEM
224,AATRL
225,CSPR
226,BTYS
227,SDGR
228,PPD
229,BEAM
230,SGBX
231,BLCM
232,MARB
233,FLYT
234,ESNG
235,QMJ
236,SNES
237,BFEB
238,UFEB
239,PFEB
240,CFRX
241,CIIC
242,DNOV
243,LATN
244,CCAP
245,OPCH
246,WTRG
247,PGEN
248,ARQT
249,ONEM
250,REYN
251,BDTX
252,MYO
253,IPSEY
254,LZRFY
255,NDBKY
256,ANVS
257,BMEZ
258,ADXN
259,EPAC
260,KLDIW
261,KLDI
262,HCCO
263,GURE
264,GPHBF
265,CLSK
266,OVV
267,CXRXF
268,CNNB
269,SWKH
270,AFTY
271,SRRA
272,ABEQ
273,HYTR
274,VVNT
275,GNSS
276,FFBW
277,DNK
278,VEL
279,STLG
280,STLV
281,LIZI
282,SSUS
283,SMDY
284,IMAB
285,BSBK
286,YTEN
287,BDVSY
288,IDXG
289,PHIO
290,AIRTP
291,LIVK
292,EQH
293,PTAC
294,ALUS
295,TECB
296,AMHC
297,CHPM
298,HUGE
299,RENN
300,MTA
301,RONWF
302,RAHGF
303,BIMI
304,INPX
305,SAQN
306,LCR
307,NTCO
308,JRJC
309,USEG
310,KJAN
311,NJAN
312,EYESW
313,EYES
314,IJAN
315,EJAN
316,MDIA
317,DHC
318,STON
319,PRDO
320,CG
321,NRBO
322,COGNY
323,MKD
324,JOYY
325,SRAC
326,SPSK
327,FLRT
328,YY
329,NWGI
330,GBDV
331,DWEQ
332,DWAW
333,DWUS
334,RCON
335,OI
336,QUIK
337,CCLAY
338,BROG
339,FLSP
340,BRBS
341,FSRV
342,WLDBF
343,NVFY
344,UGAZ
345,JIH
346,NUSI
347,SFTW
348,SPN
349,NAKD
350,PLX
351,RYCE
352,MNPR
353,RAFE
354,INDO
355,IMVT
356,NFH
357,ASNA
358,ESEA
359,TLKGY
360,CCOR
361,AESR
362,DBEH
363,SPUS
364,ELA
365,SGAMY
366,IQSU
367,IQSI
368,HESM
369,GIGA
370,SKLKY
371,IMPUY
372,LGRDY
373,SVCBY
374,CNWGY
375,LSLT
376,WFTUF
377,WFTLF
378,USAI
379,PIXY
380,SPT
381,OCFT
382,RPAR
383,CSTM
384,EH
385,BILL
386,EMNT
387,MCMJ
388,IMBI
389,TRXC
390,MJO
391,XP
392,MJJ
393,GRNV
394,KDFI
395,BBIN
396,TFC
397,TRNF
398,FWP
399,LMPX
400,VIACA
401,VIAC
402,NMRD
403,AFLG
404,AFMC
405,AFSM
406,URNM
407,WKEY
408,CMPR
409,BDEC
410,PDEC
411,UDEC
412,XRF
413,TPIF
414,GRWG
415,TPSC
416,VIIX
417,TVIX
418,FINV
419,LODE
420,SQNS
421,PHOT
422,CPZ
423,KLR
424,SNDE
425,AKER
426,AMRH
427,TNK
428,PINE
429,BXRX
430,TILCF
431,CAN
432,SITM
433,BMY^
434,PFLD
435,ACEL
436,FNOV
437,NUROW
438,NURO
439,MYSZ
440,GCI
441,LMNL
442,CHEP
443,BTAL
444,MOM
445,DRIO
446,USHG
447,GLIF
448,DIVA
449,BRMK
450,MOTO
451,ALIM
452,GLEO
453,DIET
454,MTGP
455,FNGS
456,ETNB
457,RSLS
458,AHCO
459,AHCOW
460,FCPI
461,TMDV
462,DAUG
463,FAUG
464,MOHO
465,TDV
466,YAYO
467,TELA
468,SFL
469,BBAR
470,TCON
471,SKYS
472,VERO
473,SLS
474,GRTX
475,ORSN
476,WEBS
477,WEBL
478,KRKR
479,HIBS
480,CNTG
481,SI
482,ROMO
483,NINOY
484,APXT
485,QK
486,TCOM
487,PEAK
488,BNOV
489,PNOV
490,UNOV
491,NLOK
492,TNXP
493,EXPC
494,DUO
495,NPA
496,OYST
497,SNCA
498,THMO
499,ECOL
500,APDN
501,NEX
502,PROF
503,GXTG
504,BUG
505,HERO
506,GTECW
507,PHGE
508,GTEC
509,POAI
510,CEI
511,AIO
512,ONTO
513,DAO
514,TFFP
515,PHAT
516,CABA
517,BDCY
518,HDLB
519,AIH
520,DJCB
521,LMLB
522,HAPP
523,PGNY
524,SPCE
525,CGIX
526,FJNK
527,BRP
528,IDY
529,PTBD
530,APOP
531,CPST
532,KGJI
533,NNDM
534,DCTH
535,LTBR
536,SFET
537,KRMD
538,WIZ
539,IPHA
540,BRBR
541,PVBC
542,VCON
543,FRHC
544,AEMD
545,RLMD
546,HBT
547,VIR
548,THTX
549,SCHI
550,SCHQ
551,LGH
552,SCHJ
553,QQH
554,BNTX
555,VALT
556,DRTT
557,GBUG
558,SBUG
559,XOUT
560,YYY
561,THBR
562,VIE
563,FREQ
564,PWFL
565,APRE
566,MCBS
567,RCEL
568,NOCT
569,KOCT
570,YAHOY
571,CRNC
572,OVS
573,OVB
574,OVM
575,OVF
576,SSPK
577,OVL
578,WWJD
579,FVE
580,PNTG
581,OCGN
582,WW
583,OPRT
584,APEX
585,TTPH
586,AVDE
587,AVDV
588,NUHY
589,AVUV
590,PTON
591,AVUS
592,BSMR
593,BSMN
594,BSMO
595,BSML
596,RECS
597,REVS
598,BSMP
599,BSMQ
600,BSMT
601,BSMM
602,BSMS
603,SVC
604,NNVC
605,ERBB
606,FRG
607,DDOG
608,PING
609,POTX
610,FLCB
611,XGN
612,AVEM
613,IBDU
614,VIVE
615,IGMS
616,NVST
617,NMCO
618,BBQ
619,PROSY
620,EQX
621,SBE
622,SWTX
623,STSA
624,NET
625,TXG
626,BSJR
627,SDC
628,ALRS
629,BSCT
630,OBMP
631,SCU
632,USAS
633,HQI
634,JAN
635,GRN
636,VEGN
637,CPAA
638,OAC
639,SONG
640,WCLD
641,BLU
642,APO
643,CMCT
644,USEP
645,BSEP
646,PSEP
647,SCPE
648,PIC
649,BBI
650,MCOA
651,AIM
652,ICMB
653,SCTY
654,SUNW
655,EYEG
656,DMTKW
657,DMTK
658,OPGN
659,MOSY
660,TRNX
661,CTRVW
662,SRAX
663,TOPS
664,GLAE
665,ECLN
666,IPWR
667,UI
668,GADS
669,IGLDF
670,HONE
671,CFB
672,JFU
673,GENE
674,TWMC
675,PLIN
676,NFIN
677,NEPH
678,TGHI
679,NLTX
680,LCTX
681,VMD
682,AESEW
683,AESE
684,FALC
685,GL
686,VERY
687,INMD
688,DYSL
689,AMPY
690,AMPYW
691,ATEX
692,DPW
693,PSTV
694,HKIB
695,LTSH
696,PAUG
697,BAUG
698,UAUG
699,BCDA
700,NSCO
701,RAPT
702,SNDL
703,KRUS
704,DT
705,TA
706,SSSS
707,TCF
708,XRX
709,XCUR
710,BORR
711,ULTR
712,VAL
713,THCA
714,SYSX
715,SMMC
716,SLNG
717,SINT
718,RMM
719,CCX
720,BHAT
721,WSG
722,VIST
723,TOKE
724,LVGO
725,PROS
726,NOVA
727,PSTI
728,HCAT
729,CSTL
730,PSM
731,PDEV
732,PLC
733,OBLN
734,BW
735,HYAC
736,CNBS
737,HHT
738,HEPA
739,SLRX
740,SES
741,WBIN
742,IFS
743,AFYA
744,MDLA
745,XPEL
746,IHRT
747,PBFS
748,ORCC
749,AMK
750,MIRM
751,PHR
752,FULC
753,EMMAW
754,SGDM
755,SGDJ
756,EMMA
757,DOYU
758,FSEA
759,PKE
760,QLV
761,QLVD
762,HLAL
763,QLVE
764,GXGX
765,AGBA
766,NBSE
767,BLRX
768,HCYT
769,BSIG
770,RPAYW
771,RPAY
772,ACIO
773,THCX
774,LC
775,SFUN
776,RMBI
777,XAIR
778,PCB
779,YUMAQ
780,SDLPF
781,FRAN
782,NVCN
783,IJUL
784,EJUL
785,GIX
786,ULVM
787,USTB
788,UIVM
789,UITB
790,UEVM
791,USVM
792,LIFE
793,BX
794,USIO
795,LHX
796,KRTX
797,REAL
798,IAA
799,CGA
800,DRV
801,SOXS
802,DRIP
803,FAZ
804,TZA
805,ADPT
806,CHNG
807,BBIO
808,MORF
809,SNPE
810,LINX
811,BSTZ
812,CMBM
813,MOGO
814,MMX
815,HTEC
816,XBIO
817,HAVXF
818,AVGR
819,ARTL
820,DX
821,CLGN
822,BCEL
823,AKRO
824,PSNL
825,PRVL
826,PAAC
827,GO
828,SNOA
829,PIRRQ
830,PECKW
831,PECK
832,STOK
833,WORK
834,TBND
835,KERN
836,FLNG
837,CUZ
838,HLIO
839,APRN
840,CHWY
841,AMTBB
842,AMTB
843,IDNA
844,FVRR
845,IHAK
846,ANTE
847,CETX
848,PDYPY
849,ARCT
850,RSF
851,KSCD
852,CRWD
853,KLCD
854,RF-C
855,SR-A
856,CIH
857,MWK
858,AMCR
859,HSON
860,AIRTW
861,OBELF
862,EDSA
863,ONCT
864,RVLV
865,PSV
866,JAGX
867,BXEFF
868,LCA
869,GSX
870,MIDF
871,GBCHF
872,NULC
873,DRAD
874,CAPR
875,UJUN
876,BJUN
877,PJUN
878,NERD
879,SRL
880,PACK
881,CTVA
882,DCF
883,DMF
884,DMB
885,DD
886,LEO
887,DHF
888,DSM
889,WBIT
890,NXTG
891,VCIF
892,FINS
893,EHVVF
894,FRDM
895,RTLR
896,OMFL
897,RWJ
898,RDIV
899,SSG
900,REW
901,RWK
902,OMFS
903,SQQQ
904,RWL
905,SDOW
906,BCYC
907,IDYA
908,KTB
909,CNR
910,PLAT
911,GNCA
912,QRFT
913,OGI
914,AMOM
915,NMM
916,ONCS
917,AUB
918,VLRXQ
919,MAAX
920,AVTR
921,FSLY
922,JFK
923,XYNPW
924,ZIG
925,XYNO
926,NBN
927,IVOL
928,ACTT
929,FSV
930,CCC
931,INSU
932,VISL
933,JFIN
934,PSTL
935,SONM
936,IBHB
937,IBHE
938,IBHC
939,IBHA
940,IBHD
941,NVAX
942,ARMP
943,CANF
944,FERGY
945,LEND
946,MIST
947,SPFI
948,NXTC
949,MEC
950,APLT
951,HHR
952,AXLA
953,CRTX
954,SUSL
955,HZNP
956,TRP
957,FCEL
958,UBER
959,DBMF
960,PSN
961,GIGE
962,SFYF
963,AXGT
964,DMPI
965,TRND
966,HERD
967,JNK
968,ADYX
969,TRNE
970,SCPL
971,BUL
972,PTIN
973,ATIF
974,ECOW
975,RRBI
976,YJ
977,SY
978,KXINW
979,KXIN
980,TMDX
981,TRVI
982,DAC
983,BLIN
984,BYND
985,CCO
986,TPLC
987,FRAF
988,TPHD
989,YCBD
990,EARS
991,WAFU
992,REKR
993,MFGP
994,COIHY
995,PAYS
996,PRPO
997,BPMX
998,NAVB
999,SEIX
1000,USI
1001,MREO
1002,RYLD
1003,WWR
1004,MOXC
1005,SHLL
1006,IBMQ
1007,HOOK
1008,TRX
1009,RAD
1010,IDRV
1011,RPLA
1012,GSST
1013,MNRL
1014,FXNC
1015,YOLO
1016,GNLN
1017,ZM
1018,PINS
1019,TPTX
1020,PLMR
1021,DYAI
1022,MNSB
1023,BWAY
1024,ISEE
1025,FLFG
1026,EVSI
1027,CRSA
1028,CLOU
1029,HCAC
1030,ACAM
1031,DPHC
1032,ZVO
1033,IMUX
1034,KEMX
1035,IBMP
1036,BIQIF
1037,REXN
1038,SFYX
1039,JMIA
1040,PD
1041,TUFN
1042,SFY
1043,UFO
1044,NRGD
1045,NRGO
1046,NRGZ
1047,NRGU
1048,YGRN
1049,BTCS
1050,GNOM
1051,ALC
1052,YGTYF
1053,LIQT
1054,ATHE
1055,MARA
1056,IBMO
1057,VERB
1058,RRTS
1059,TW
1060,NGM
1061,IXSE
1062,SILK
1063,ABIO
1064,BNKO
1065,BNKU
1066,KNAB
1067,GHSI
1068,BNKD
1069,BNKZ
1070,RUHN
1071,XLSR
1072,FISR
1073,PBTS
1074,PAPR
1075,BAPR
1076,UAPR
1077,PTMN
1078,DBI
1079,DOW
1080,CYCN
1081,PPHI
1082,RMG
1083,RWLK
1084,PUYI
1085,NSPR
1086,TRWH
1087,HOV
1088,ADXS
1089,WTRE
1090,DTIL
1091,STE
1092,SAVA
1093,DSSI
1094,LYFT
1095,THCB
1096,GNFT
1097,TEAF
1098,TROX
1099,CPLP
1100,AGTK
1101,CRMD
1102,GMHI
1103,CARE
1104,GSL
1105,NETL
1106,LEVI
1107,DMRE
1108,FOVL
1109,DYNF
1110,OSW
1111,TIGR
1112,HOMZ
1113,SHIP
1114,RYZZ
1115,FOX
1116,FOXA
1117,PDSB
1118,TH
1119,OTLK
1120,RBZHF
1121,BBUS
1122,BBSA
1123,XFOR
1124,ICON
1125,JHCS
1126,AM
1127,BKTI
1128,OPTT
1129,FUTU
1130,CLDB
1131,DCAR
1132,USSG
1133,EWJV
1134,EWJE
1135,SWAV
1136,ANDA
1137,GFIN
1138,GDNA
1139,GBUY
1140,GDAT
1141,GMAN
1142,PSHG
1143,ELGX
1144,FIVG
1145,EFC
1146,MGHCF
1147,MR
1148,KLDO
1149,MCHOY
1150,ITMR
1151,FDEV
1152,FDEM
1153,FSMD
1154,MNCL
1155,WES
1156,ESESQ
1157,SLGG
1158,CNTTQ
1159,XSPA
1160,SAFE
1161,SOLY
1162,VFF
1163,AIV
1164,MYT
1165,NTZ
1166,HOTH
1167,EPSN
1168,HGLB
1169,MITO
1170,AREC
1171,TCRR
1172,MTBC
1173,WF
1174,ANCN
1175,ZYXI
1176,USDY
1177,CTRM
1178,CLDX
1179,IMAC
1180,HARP
1181,GOSS
1182,VRAI
1183,WINC
1184,VPC
1185,ALEC
1186,PULM
1187,CVET
1188,INMB
1189,ARKF
1190,TPAY
1191,DQJCY
1192,ESI
1193,GIB
1194,NRGX
1195,NFE
1196,CFFAW
1197,XBUY
1198,JCPB
1199,CFFA
1200,AWTM
1201,TTNP
1202,SEEL
1203,LGOV
1204,HEXO
1205,GBTC
1206,STNG
1207,RWGV
1208,YCOM
1209,BPTH
1210,RWUI
1211,RWDC
1212,RBKB
1213,RWDE
1214,RWLS
1215,RWIU
1216,RWCD
1217,RWED
1218,XCOM
1219,RWVG
1220,RWSL
1221,MUTE
1222,TAWK
1223,IHG
1224,WINRW
1225,WINR
1226,TIGO
1227,SAMA
1228,BCOW
1229,MDJH
1230,FTAC
1231,FTACW
1232,SSPY
1233,LDSF
1234,SXTC
1235,LKCO
1236,NM
1237,CHFS
1238,PJAN
1239,BJAN
1240,UJAN
1241,HROW
1242,OPI
1243,APYX
1244,RHE
1245,CPRI
1246,MHGVY
1247,MAXR
1248,KOS
1249,PHUN
1250,PLCY
1251,DELL
1252,CATB
1253,ORGO
1254,ERSX
1255,IRET
1256,PHCF
1257,MTC
1258,EGO
1259,AMCI
1260,EVI
1261,HSPX
1262,DAX
1263,QYLD
1264,CI
1265,DTSS
1266,JHAA
1267,APM
1268,SDAG
1269,LEGH
1270,PLG
1271,QFIN
1272,JAGG
1273,JIGB
1274,GBBT
1275,DFFN
1276,GLBY
1277,IQIN
1278,SRC
1279,TME
1280,CHIU
1281,CHIH
1282,CHIR
1283,CHIK
1284,CHIS
1285,CHIL
1286,MRNA
1287,ENOB
1288,SUZ
1289,WTER
1290,MLND
1291,MOGU
1292,PQIN
1293,ACSG
1294,EMSG
1295,BBCP
1296,DMAC
1297,OTLKW
1298,WRTC
1299,NMCI
1300,TBLTW
1301,AINV
1302,ALTN
1303,WANT
1304,PASS
1305,LACK
1306,EBIZ
1307,NEED
1308,AGE
1309,DMDV
1310,TRI
1311,CCH
1312,ARES
1313,DGAZ
1314,ALAC
1315,MDRR
1316,TC
1317,RTW
1318,MCFT
1319,PACD
1320,WTRH
1321,TDW+
1322,IBMN
1323,SPI
1324,PQSV
1325,GDMA
1326,VAPO
1327,BCSF
1328,PQSG
1329,CREX
1330,WEI
1331,BGRN
1332,NNA
1333,RNVA
1334,IDEX
1335,ETRN
1336,RPT
1337,AMMJ
1338,SMHB
1339,ETON
1340,OTTV
1341,USMJ
1342,UBQU
1343,HESG
1344,MJWL
1345,TTTN
1346,EWCO
1347,CNF
1348,TRTC
1349,FDNI
1350,PAWZ
1351,SWAN
1352,SG
1353,DSUS
1354,CTLE
1355,AERO
1356,ADGO
1357,ALYI
1358,BBDA
1359,BLKG
1360,CBGI
1361,BLOZF
1362,CDTAF
1363,CHIT
1364,CRQE
1365,CRWG
1366,DRNG
1367,BITCF
1368,GRLT
1369,HMPQ
1370,ISCO
1371,MSLP
1372,NECA
1373,OLVI
1374,PGFY
1375,POSC
1376,PURA
1377,RELM
1378,SSOK
1379,TTCM
1380,ZPAS
1381,BANJ
1382,SCNA
1383,ANY
1384,AVCO
1385,ALYA
1386,ARYA
1387,FUMB
1388,TLSA
1389,APHA
1390,FSMB
1391,CTRC
1392,IMOS
1393,HLOC
1394,PFSI
1395,ACA
1396,TWST
1397,AXNX
1398,LIN
1399,JMUB
1400,GOAT
1401,ORTX
1402,DURA
1403,MFMS
1404,PACA
1405,GSS
1406,REZI
1407,GRAF
1408,RMI
1409,GMDA
1410,ITM
1411,EMLC
1412,HYD
1413,PT
1414,STNE
1415,YETI
1416,DSTL
1417,BFC
1418,VBIO
1419,EAGG
1420,CNRG
1421,KOMP
1422,ROKT
1423,URAL
1424,LOGC
1425,SWI
1426,NIU
1427,EGKPF
1428,ATNWW
1429,PHAS
1430,PQLC
1431,MSC
1432,TZAC
1433,JMST
1434,VRRM
1435,MRKR
1436,SIBN
1437,EIC
1438,ESPO
1439,LMFA
1440,ARAV
1441,YVR
1442,LOAC
1443,UGLD
1444,USLV
1445,GLBS
1446,PLAN
1447,EQ
1448,SITC
1449,ALLO
1450,FLLA
1451,FLZA
1452,OSMT
1453,FLSA
1454,COOP
1455,HYCTW
1456,TPCO
1457,LEMIF
1458,FWONB
1459,MUST
1460,LTHM
1461,OCCI
1462,BSAE
1463,FPXE
1464,ESTC
1465,BSBE
1466,BSCE
1467,BSDE
1468,WBND
1469,GTIP
1470,RGLS
1471,KOD
1472,GH
1473,UPWK
1474,LSAF
1475,RAMP
1476,POCT
1477,UOCT
1478,BOCT
1479,GTX
1480,SPAQ
1481,RC
1482,NWN
1483,NRDBY
1484,PLAG
1485,NEON
1486,ANIX
1487,SIVR
1488,PPLT
1489,SGOL
1490,PALL
1491,GLTR
1492,RMED
1493,ARVN
1494,PHYL
1495,UROV
1496,GRTS
1497,STRO
1498,PNRLY
1499,JHEM
1500,CBMB
1501,CTK
1502,LAIX
1503,PFFL
1504,ARCE
1505,ETTX
1506,CBNK
1507,ONTX
1508,VIOT
1509,SVMK
1510,SDGA
1511,CDTI
1512,YMAB
1513,UTRN
1514,FTCH
1515,BSGM
1516,MFAC
1517,NEPT
1518,HRSTW
1519,ELAN
1520,ESGV
1521,IBDT
1522,VSGX
1523,BSVN
1524,AFIF
1525,XYF
1526,ZHOK
1527,SVXY
1528,UVXY
1529,EB
1530,CWEN.A
1531,CWEN
1532,SAEX
1533,PRNB
1534,DOOO
1535,QTT
1536,FVCB
1537,PVL
1538,ALT
1539,IPCIF
1540,ISDX
1541,JMBS
1542,BOUT
1543,FTDR
1544,AX
1545,EDNT
1546,TAXF
1547,IUSS
1548,QGRO
1549,IUS
1550,QINT
1551,FMCI
1552,NIO
1553,ISEM
1554,YI
1555,ISDS
1556,TRTY
1557,PYX
1558,VVUS
1559,NXGN
1560,DVLU
1561,BNDW
1562,EASG
1563,DVOL
1564,DDIV
1565,QTUM
1566,MBOT
1567,AEGY
1568,AEYE
1569,KMED
1570,FID
1571,BJUL
1572,KLXE
1573,BPYU
1574,AUSF
1575,WOMN
1576,TOTA
1577,PERI
1578,FLMN
1579,LTSK
1580,HFFG
1581,IZEA
1582,VWAGY
1583,SPNS
1584,SILV
1585,PYPE
1586,CFBK
1587,SIC
1588,AAAU
1589,CHNA
1590,ASRT
1591,GRNH
1592,ARDS
1593,RIVE
1594,TCPC
1595,AYTU
1596,SYN
1597,EMMF
1598,DWMF
1599,BZLFY
1600,FUJIY
1601,KNBWY
1602,MITSY
1603,MKTAY
1604,NSANY
1605,CTTAY
1606,ICAGY
1607,SCMWY
1608,RWEOY
1609,ADRNY
1610,SHCAY
1611,NDEKY
1612,RDSMY
1613,UOVEY
1614,CRZBY
1615,IFNNY
1616,WTKWY
1617,NILSY
1618,MITEY
1619,TRYIY
1620,TTNDY
1621,KCDMY
1622,SWRAY
1623,FUJHY
1624,SUHJY
1625,AGESY
1626,HTHIY
1627,HGKGY
1628,SGAPY
1629,CLPHY
1630,HENOY
1631,ORKLY
1632,SDVKY
1633,SKFRY
1634,PCRFY
1635,DBSDY
1636,NABZY
1637,NHYDY
1638,ASGLY
1639,SGSOY
1640,DLAKY
1641,RHHBY
1642,SWDBY
1643,EONGY
1644,OISHY
1645,EBKDY
1646,SUBCY
1647,NSRGY
1648,RYCEY
1649,TATYY
1650,WOPEY
1651,NTDOY
1652,FQVLF
1653,OCPNY
1654,TTDKY
1655,LVMUY
1656,SSDOY
1657,RTOKY
1658,FJTSY
1659,ANZBY
1660,MIELY
1661,DWAHY
1662,SIEGY
1663,JSHLY
1664,JMHLY
1665,ITOCY
1666,SSEZY
1667,LLESY
1668,OMRNY
1669,TSCDY
1670,CMPGY
1671,ESALY
1672,BRDCY
1673,SOMLY
1674,MAURY
1675,KMTUY
1676,BAYRY
1677,UUGRY
1678,ONEXF
1679,RIOCF
1680,BTLCY
1681,DNZOY
1682,SPKKY
1683,AWCMY
1684,MDIBY
1685,APELY
1686,CPYYY
1687,SWGAY
1688,HCMLY
1689,ISNPY
1690,DSDVY
1691,BAESY
1692,KDDIY
1693,KGFHY
1694,CMWAY
1695,NCMGY
1696,SKHSY
1697,TELNY
1698,PWCDF
1699,WNGRF
1700,EMRAF
1701,ZURVY
1702,FRHLF
1703,WFTBF
1704,MAKSY
1705,SSUMY
1706,SAXPY
1707,PEYUF
1708,PBSFY
1709,CLLDY
1710,HVRRY
1711,HOCPY
1712,NVZMY
1713,EJPRY
1714,FANUY
1715,LUKOY
1716,AHEXY
1717,MURGY
1718,CFRUY
1719,ACSAY
1720,MRAAY
1721,OVCHY
1722,PNGAY
1723,RDEIY
1724,EADSY
1725,EXPGY
1726,SGTPY
1727,DTEGY
1728,SEKEY
1729,CZMWY
1730,EMLAF
1731,ESYJY
1732,IMBBY
1733,LIMAF
1734,SEOAY
1735,MZDAY
1736,SHECY
1737,MRWSY
1738,SOMMY
1739,SZKMY
1740,PSMMY
1741,NTIOF
1742,DKILY
1743,TOELY
1744,WARFY
1745,VWDRY
1746,CDNAF
1747,BDRBF
1748,GZPFY
1749,OGZPY
1750,GVDNY
1751,CIHKY
1752,DSEEY
1753,TAK
1754,SLLDY
1755,CIFAF
1756,HKXCY
1757,GLPEY
1758,SPXCY
1759,TKOMY
1760,LNSTY
1761,CABGY
1762,MQBKY
1763,UMICY
1764,SVNLY
1765,NPSNY
1766,MTNOY
1767,KBCSY
1768,CIBEY
1769,POAHY
1770,AMKBY
1771,TLSNY
1772,HDELY
1773,SONVY
1774,ZTCOY
1775,DBOEY
1776,PPERY
1777,TEZNY
1778,CJPRY
1779,SCHYY
1780,WJRYY
1781,GELYY
1782,CCOJY
1783,LZAGY
1784,SFTBY
1785,BACHY
1786,IDCBY
1787,CICHY
1788,BKRKY
1789,GBOOY
1790,BCAUY
1791,WEICY
1792,WIMHY
1793,BYDDY
1794,SYIEY
1795,ITVPY
1796,FRRVY
1797,BDORY
1798,DPSGY
1799,BURBY
1800,ASOMY
1801,MSADY
1802,CSUAY
1803,SVNDY
1804,AACAY
1805,KZMYY
1806,KNYJY
1807,CIOXY
1808,HYPMY
1809,DNHBY
1810,MEGEF
1811,SNPHY
1812,ACGBY
1813,AMADY
1814,SMGZY
1815,QBIEY
1816,KPCPY
1817,SSMXY
1818,RTMVY
1819,SSREY
1820,AAGIY
1821,SBRCY
1822,GLNCY
1823,DSNKY
1824,BNTGY
1825,FUPBY
1826,MTZPY
1827,SMFKY
1828,FSUGY
1829,OTSKY
1830,UNICY
1831,SGBLY
1832,HEINY
1833,RBGLY
1834,TMSNY
1835,GMAB
1836,IFJPY
1837,VDMCY
1838,MONOY
1839,STBFY
1840,RYKKY
1841,RKUNY
1842,ROYMY
1843,DIFTY
1844,CHYHY
1845,JPXGY
1846,SMCAY
1847,CSLLY
1848,JAPAY
1849,INVVY
1850,CKHUY
1851,SMNNY
1852,BXBLY
1853,VLVLY
1854,DNKEY
1855,WEGRY
1856,BMWYY
1857,SHZHY
1858,COVTY
1859,NNGRY
1860,DMLRY
1861,SKHHY
1862,WTBDY
1863,KAOOY
1864,MESA
1865,AMAL
1866,VCNX
1867,BSCS
1868,BSJQ
1869,BBCA
1870,BBAX
1871,PJUL
1872,UJUL
1873,DRSK
1874,ARLO
1875,BBDC
1876,GNAF
1877,FNGO
1878,CWK
1879,FNGZ
1880,SONO
1881,NTSX
1882,CMLS
1883,USIG
1884,IGBH
1885,KALL
1886,IGLB
1887,IGSB
1888,IGIB
1889,PTVCA
1890,PTVCB
1891,STRA
1892,ITP
1893,MSRT
1894,TFIV
1895,TFLT
1896,MFH
1897,SOLO
1898,IDRA
1899,BNGO
1900,PRVB
1901,ADIL
1902,OPRA
1903,DAVA
1904,TCEHY
1905,FOCS
1906,JG
1907,CANG
1908,BRY
1909,PDD
1910,FCTR
1911,TENB
1912,LQDA
1913,IIGV
1914,SZNE
1915,PEXL
1916,LOUP
1917,AQST
1918,BE
1919,IIGD
1920,HMNY
1921,CHAP
1922,PCF
1923,SCON
1924,ASTI
1925,REPL
1926,MYFW
1927,AFIN
1928,CNST
1929,TLRY
1930,ESTA
1931,ALLK
1932,HCCH
1933,OSCV
1934,RUBY
1935,NACP
1936,CCB
1937,CRNX
1938,HYGV
1939,QDIV
1940,MDGS
1941,MICT
1942,CLRB
1943,SPB
1944,ONLN
1945,DWMC
1946,DWSH
1947,MSVB
1948,OPER
1949,KDP
1950,SDRL
1951,RVI
1952,VNE
1953,DOMO
1954,ACES
1955,KCCB
1956,IRBO
1957,TBIO
1958,EVER
1959,BJ
1960,STIM
1961,LFAC
1962,BV
1963,TMDI
1964,TCDA
1965,HYRE
1966,UXIN
1967,FPAC
1968,GLDM
1969,ARPO
1970,LOVE
1971,HYLD
1972,ECOR
1973,AUTL
1974,APTX
1975,AVRO
1976,XLC
1977,EPRT
1978,IIIV
1979,KZR
1980,MGTA
1981,XERS
1982,EIDX
1983,BBEU
1984,GRIN
1985,BBRE
1986,BBJP
1987,AVLR
1988,VRCA
1989,NEW
1990,FDHY
1991,USX
1992,EASI
1993,CHRA
1994,FLDR
1995,GRNQ
1996,TDAC
1997,JUST
1998,VTIQ
1999,MGTX
2000,IAUF
2001,AIIQ
2002,OGIG
2003,BATT
2004,UCON
2005,EVRG
2006,SOHU
2007,FLHY
2008,FLBL
2009,PRSP
2010,FLIA
2011,LTSF
2012,WH
2013,CVIA
2014,IMV
2015,CPLG
2016,AMBO
2017,HSRT
2018,PACQ
2019,JEF
2020,ITRM
2021,ELLH
2022,STND
2023,CLPS
2024,SRRK
2025,GSKY
2026,EDRY
2027,KNSA
2028,CGC
2029,EVOP
2030,TAN
2031,EXPI
2032,RYJ
2033,CQQQ
2034,BSJP
2035,SLT
2036,PFFA
2037,AIQ
2038,PS
2039,RTL
2040,SRVR
2041,DALI
2042,INDS
2043,FEUL
2044,LQDI
2045,HUYA
2046,APY
2047,OBNK
2048,EVLO
2049,TALO
2050,TALO+
2051,VAM
2052,AMRX
2053,PLL
2054,BCML
2055,ROAD
2056,JRSH
2057,SDCI
2058,ASLN
2059,STXB
2060,UBX
2061,SPXB
2062,INSP
2063,BH.A
2064,NVT
2065,PRT
2066,ASX
2067,FCBP
2068,GSHD
2069,SMAR
2070,DOCU
2071,ADDYY
2072,ELOX
2073,TLC
2074,LASR
2075,CDAY
2076,SDI
2077,HTAB
2078,SURF
2079,EAF
2080,MOR
2081,IG
2082,CLBK
2083,LEVL
2084,AGMH
2085,DRIV
2086,ZUO
2087,ESML
2088,RAAX
2089,VETS
2090,HSDT
2091,BFST
2092,BHTG
2093,PULS
2094,CMDY
2095,FRLG
2096,IFRA
2097,QARP
2098,LHC
2099,MSUS
2100,SPOT
2101,IQ
2102,VTSI
2103,GNPX
2104,UMRX
2105,RFL
2106,UAVS
2107,FIXX
2108,BILI
2109,ONE
2110,OPBK
2111,PPTY
2112,MXDE
2113,KNG
2114,GHG
2115,IEME
2116,OPES
2117,IEFN
2118,IEHS
2119,IEIH
2120,IECS
2121,BDRY
2122,IEDI
2123,IETC
2124,IBMM
2125,STG
2126,BIOX
2127,HPR
2128,LAZY
2129,DNJR
2130,DBX
2131,ZS
2132,FIYY
2133,AIHS
2134,RDVT
2135,FFEU
2136,RCUS
2137,BWB
2138,ORGS
2139,GPAQ
2140,COCP
2141,GLIBA
2142,MUDS
2143,GLIBP
2144,ATROB
2145,BTAI
2146,FNCB
2147,DINT
2148,NEBU
2149,PRRE
2150,QUBT
2151,CRON
2152,VSL
2153,MKGI
2154,LIVX
2155,ROBT
2156,VFMV
2157,PPEM
2158,PPDM
2159,PPMC
2160,VFMO
2161,VFQY
2162,VFLQ
2163,VFMF
2164,VFVA
2165,BFRA
2166,BLNK
2167,EKAR
2168,CDLX
2169,OSKA
2170,DKSC
2171,BEGI
2172,PURT
2173,FAMI
2174,VSQTF
2175,QES
2176,FTSI
2177,MOTS
2178,BLTO
2179,FLAX
2180,FLIN
2181,VCTR
2182,FLSW
2183,EOLS
2184,FLRU
2185,HMI
2186,WHD
2187,XDIV
2188,IDIV
2189,JPMB
2190,HUD
2191,CEPU
2192,IPICQ
2193,OSS
2194,VICI
2195,SLGL
2196,CLNC
2197,KURE
2198,OOIL
2199,CAAP
2200,TMFC
2201,KOIN
2202,DESP
2203,AGS
2204,SECO
2205,PETZ
2206,NEWA
2207,LEGR
2208,GTES
2209,ENTX
2210,MNLO
2211,JPLS
2212,SLDB
2213,TORC
2214,EYEN
2215,LAC
2216,FNGU
2217,FNGD
2218,PAGS
2219,PLTM
2220,ATLKY
2221,PGAS
2222,HEMP
2223,ADT
2224,KARS
2225,NINE
2226,COLD
2227,JJM
2228,JJC
2229,JJE
2230,FIDI
2231,JJU
2232,JJP
2233,SGG
2234,JO
2235,COW
2236,JJS
2237,JJN
2238,WLDR
2239,PGM
2240,FIVA
2241,BAL
2242,VXZ
2243,VXX
2244,JJA
2245,JJT
2246,JJG
2247,VALQ
2248,BLOK
2249,BLCN
2250,KORP
2251,HNDL
2252,AVYA
2253,ILPT
2254,SHYL
2255,HYDW
2256,HYUP
2257,VDRM
2258,MCIG
2259,YTROF
2260,NTR
2261,DWCR
2262,LILA
2263,LILAK
2264,DTEC
2265,CUE
2266,LACQ
2267,LSST
2268,HAIL
2269,FITE
2270,SIMS
2271,DLPN
2272,ESTWF
2273,ESTRF
2274,LX
2275,LDRS
2276,WCHN
2277,BMDPY
2278,DOGZ
2279,ICLK
2280,CWBR
2281,MBIO
2282,CASA
2283,HJLI
2284,UGBP
2285,DCHF
2286,DEUR
2287,DJPY
2288,DGBP
2289,UEUR
2290,UCHF
2291,UJPY
2292,UAUD
2293,DAUD
2294,HMOP
2295,NMRK
2296,ACT
2297,CLRG
2298,LFIN
2299,PWS
2300,TRMD
2301,CURO
2302,DNLI
2303,LBC
2304,JPMF
2305,QTRX
2306,MVBF
2307,ODT
2308,DLPH
2309,IZRL
2310,BUY
2311,JPED
2312,BRPA
2313,RETO
2314,BOXL
2315,CEIX
2316,LGC
2317,IHTA
2318,EEMD
2319,SPDV
2320,LTSL
2321,ZOM
2322,SCPH
2323,CNNE
2324,LOOP
2325,SBT
2326,EMTY
2327,CLIX
2328,SAIL
2329,BXG
2330,JT
2331,SFIX
2332,ERYP
2333,MCB
2334,APLS
2335,IFRX
2336,BAND
2337,JMOM
2338,VTC
2339,JMIN
2340,JQUA
2341,DIVB
2342,JHSC
2343,JVAL
2344,JDIV
2345,SOGO
2346,ENTR
2347,CBTX
2348,MRBK
2349,FEDU
2350,FLGB
2351,FLEH
2352,FLBR
2353,FLFR
2354,FLTW
2355,FLAU
2356,FLGR
2357,FLIY
2358,FLJH
2359,FLMX
2360,HFRO
2361,FLEE
2362,FLKR
2363,FLCH
2364,FLCA
2365,FLJP
2366,FLHK
2367,AQUA
2368,FNKO
2369,ACMR
2370,HX
2371,SPRO
2372,ALNA
2373,SDVY
2374,FMHI
2375,NAOV
2376,ALTR
2377,FFTG
2378,BIBL
2379,RVRS
2380,FFSG
2381,GUDB
2382,LOMA
2383,CRSS
2384,FSCT
2385,CEY
2386,NEXA
2387,MBIN
2388,USHY
2389,EYE
2390,BPMP
2391,TERP
2392,DCPH
2393,FAT
2394,REDU
2395,SE
2396,LYL
2397,PVAL
2398,PMOM
2399,MDB
2400,RMBL
2401,QD
2402,AIEQ
2403,MMIT
2404,CATC
2405,MMIN
2406,KGRN
2407,OPTN
2408,DIAL
2409,CARG
2410,NES
2411,KEMQ
2412,KIDS
2413,VGFO
2414,USMC
2415,SCHK
2416,CHGX
2417,SWCH
2418,FDBC
2419,RYTM
2420,LFEQ
2421,ANGI
2422,PDLB
2423,PBND
2424,DALT
2425,NUBD
2426,HTRB
2427,FOR
2428,NCNA
2429,PQG
2430,ROKU
2431,BSCR
2432,RYB
2433,XFLT
2434,HBB
2435,JEMD
2436,PBSM
2437,PBTP
2438,PBDM
2439,PBUS
2440,PBEE
2441,FUV
2442,ZLAB
2443,BEST
2444,OMP
2445,KRYS
2446,RBIN
2447,BKI
2448,CELC
2449,RBUS
2450,MXDU
2451,TRMT
2452,IBDS
2453,GSEW
2454,PFFD
2455,FENC
2456,OBOR
2457,MAGA
2458,GHYB
2459,MFUS
2460,MFEM
2461,MFDX
2462,SECT
2463,LQMT
2464,FMCC
2465,GCHK
2466,HYSR
2467,VPOR
2468,FLMB
2469,FLMI
2470,MJNA
2471,SMDM
2472,ATCV
2473,BMXI
2474,WCIG
2475,ZKIN
2476,TDW+B
2477,TDW+A
2478,BAR
2479,OPNT
2480,BDVB
2481,FRFHF
2482,FPEI
2483,FFIU
2484,KL
2485,CSSE
2486,MT
2487,UN
2488,PHG
2489,ASML
2490,PBIO
2491,YOGA
2492,RNGR
2493,EDOW
2494,CTRA
2495,AMCA
2496,EAST
2497,ZEAL
2498,CTXR
2499,IMTE
2500,DMRL
2501,DMRI
2502,ASPU
2503,DMRS
2504,DMRM
2505,VNTR
2506,TDW
2507,BPRN
2508,TYME
2509,CMCL
2510,RDFN
2511,EFL
2512,RBB
2513,SNNAQ
2514,EQRR
2515,BKYI
2516,CBPO
2517,EFBI
2518,PETQ
2519,CLXT
2520,EMXC
2521,KALA
2522,CODA
2523,TRTX
2524,BHF
2525,AUG
2526,OSTBP
2527,IGEB
2528,USEQ
2529,HYDB
2530,SUSC
2531,SQLV
2532,BBX
2533,SPMV
2534,SUSB
2535,IBD
2536,PREF
2537,SMTS
2538,STM
2539,SMPL
2540,KREF
2541,URGN
2542,SMMD
2543,JBGS
2544,AKCA
2545,BKR
2546,DK
2547,TNTRQ
2548,GSSC
2549,ALRN
2550,USMF
2551,TTAI
2552,CODX
2553,BY
2554,GOAU
2555,MRSN
2556,ESQ
2557,KBLM
2558,CBH
2559,OCIO
2560,NBRV
2561,MGY
2562,CKPT
2563,VMRI
2564,VSMV
2565,GPMT
2566,RNSC
2567,RNMC
2568,YGYI
2569,RNEM
2570,RNDM
2571,FCAL
2572,RNDV
2573,ATUS
2574,RNLC
2575,AMHPF
2576,NCPCF
2577,DEER
2578,NNLX
2579,KBLB
2580,OPRX
2581,CALF
2582,ICOW
2583,ATXI
2584,BOMN
2585,ADOM
2586,FRSX
2587,ATNX
2588,CGBD
2589,BVAL
2590,SSTI
2591,GIGB
2592,PLYM
2593,NUEM
2594,NUDM
2595,CPHRF
2596,FFHG
2597,FFTI
2598,NESR
2599,JHG
2600,IMRN
2601,APPN
2602,SWP
2603,SGH
2604,WOW
2605,CELH
2606,LRGE
2607,YLDE
2608,COMB
2609,JPST
2610,CARS
2611,SMHI
2612,SHAG
2613,ARGX
2614,LKST
2615,BEDU
2616,NXE
2617,GTHX
2618,BASWW
2619,CSML
2620,SOI
2621,LVUS
2622,RODE
2623,VST
2624,VERI
2625,BHVN
2626,OVID
2627,GDVD
2628,FPH
2629,FMAO
2630,GNTY
2631,SBOW
2632,FNMA
2633,AMRWQ
2634,TPOR
2635,CACG
2636,UTSL
2637,LBRT
2638,DUSL
2639,VMOT
2640,DFEN
2641,BCEI
2642,FLQM
2643,USWS
2644,NCSM
2645,CFBI
2646,FLQS
2647,FLQL
2648,AMRQQ
2649,AGT
2650,ZYME
2651,CLDR
2652,CVNA
2653,ALTM
2654,VRNA
2655,FND
2656,USOI
2657,CATS
2658,PCSB
2659,NDRA
2660,WTTR
2661,SSNT
2662,YRIV
2663,VSDA
2664,IBML
2665,TOCA
2666,UPLC
2667,YEXT
2668,CADE
2669,HCC
2670,GDP
2671,ERM
2672,TERM
2673,JPGB
2674,OKTA
2675,TAIL
2676,AZUL
2677,XSHQ
2678,SNDR
2679,BTU
2680,NUSA
2681,ARCM
2682,BCD
2683,BCI
2684,COM
2685,NTRP
2686,JCO
2687,ICCH
2688,IDEV
2689,AYX
2690,TRPX
2691,TKAT
2692,CEFS
2693,DXC
2694,PUMP
2695,NODK
2696,RCM
2697,ARD
2698,GOOS
2699,DGLT
2700,PLYA
2701,IMXI
2702,AKTS
2703,GAZ
2704,BYSI
2705,JNCE
2706,LAUR
2707,FBM
2708,CLTL
2709,JILL
2710,PAVE
2711,GRNB
2712,MTNB
2713,HLNE
2714,BLES
2715,ISMD
2716,OBSV
2717,SNAP
2718,BGIO
2719,PSMG
2720,PSMC
2721,PSMB
2722,PSMM
2723,CETXP
2724,TBLU
2725,FIXD
2726,BOSS
2727,HYLV
2728,NBEV
2729,CTEK
2730,IFMK
2731,SPLP-A
2732,PFFR
2733,CLPR
2734,SACH
2735,KRP
2736,METC
2737,VREX
2738,INVH
2739,JPT
2740,ANAB
2741,JELD
2742,REVG
2743,LPTX
2744,FTI
2745,DFNL
2746,DUSA
2747,DWLD
2748,HVBC
2749,CLNY
2750,AQB
2751,HGV
2752,CNDT
2753,PK
2754,OUSM
2755,INFR
2756,HEBT
2757,PVAC
2758,VVPR
2759,RTNB
2760,FIV
2761,WBIY
2762,NURE
2763,BMLP
2764,LGF.A
2765,COWZ
2766,TRVG
2767,YTRA
2768,JHMD
2769,NULG
2770,NUSC
2771,DIVO
2772,NUMG
2773,NUMV
2774,NULV
2775,SNGX
2776,ATH
2777,POLA
2778,BLHY
2779,ICHR
2780,LGF.B
2781,HYLB
2782,XPER
2783,RA
2784,INSW
2785,ESGU
2786,XSHD
2787,IDHD
2788,AQN
2789,CAGDF
2790,IHIT
2791,GNUS
2792,BNDC
2793,IIPR
2794,FPAY
2795,LVHE
2796,VNLA
2797,JPSE
2798,PRTH
2799,EFAS
2800,GTYH
2801,LW
2802,GECC
2803,SND
2804,INSG
2805,AA
2806,GGO
2807,IMTB
2808,RESD
2809,FLEU
2810,GVIP
2811,GDS
2812,CWEB
2813,ARCH
2814,SD
2815,ACSI
2816,ADNT
2817,BL
2818,TCTL
2819,GOLF
2820,ZTO
2821,MVIN
2822,MYOV
2823,EFAX
2824,EEMX
2825,FRTA
2826,LVHB
2827,IRTC
2828,CRSP
2829,YUMC
2830,FTS
2831,TUSK
2832,OTTW
2833,BCTF
2834,XOG
2835,CDEV
2836,AZRE
2837,MRAM
2838,CWH
2839,COUP
2840,FLCO
2841,RORE
2842,NTNX
2843,TRHC
2844,FLGT
2845,TTAC
2846,FCEF
2847,MCEF
2848,OPP
2849,TYHT
2850,ACIU
2851,GSUM
2852,CSTR
2853,VVV
2854,VRIG
2855,FLLV
2856,PSC
2857,NOVN
2858,ELF
2859,TTD
2860,DFIN
2861,CWS
2862,FTXD
2863,FTXL
2864,FTXO
2865,FTXN
2866,FTXH
2867,FTXR
2868,FTXG
2869,ASH
2870,EVBG
2871,FBK
2872,NTB
2873,FDMO
2874,FVAL
2875,IBDR
2876,NUAG
2877,FDVV
2878,FDRR
2879,FDLO
2880,JPHY
2881,FQAL
2882,BSJO
2883,BSCQ
2884,JPHF
2885,ASIX
2886,FINX
2887,SNSR
2888,BOTZ
2889,SMMV
2890,TIVO
2891,JCI
2892,GBIL
2893,IEA
2894,BMRA
2895,HDMV
2896,HUSV
2897,JHB
2898,GENY
2899,BTEC
2900,AZRX
2901,MEDP
2902,AIRG
2903,PTGX
2904,MLPE
2905,ATOM
2906,FHB
2907,HOME
2908,TLND
2909,LBCC
2910,KNSL
2911,LVHI
2912,PAVM
2913,KDMN
2914,TPIC
2915,PI
2916,PRNT
2917,VRS
2918,WCFB
2919,ESGG
2920,ESG
2921,EYLD
2922,TRTN
2923,REML
2924,LN
2925,KRMA
2926,RNVAW
2927,FG
2928,OR
2929,LONE
2930,RNDB
2931,SYRS
2932,ESGD
2933,ESGE
2934,GMRE
2935,XTH
2936,XWEB
2937,SCKT
2938,TWLO
2939,TCMD
2940,SELB
2941,BBU
2942,HTZ
2943,FALN
2944,HYXE
2945,RFEM
2946,CNYA
2947,LTSA
2948,RFUN
2949,RFCI
2950,FTV
2951,ESGS
2952,ESGN
2953,USATP
2954,WFC-O
2955,COE
2956,ATKR
2957,ADME
2958,OLD
2959,MTL-
2960,SPDN
2961,RFDA
2962,FLQE
2963,FLQD
2964,RFFC
2965,FLQH
2966,DWFI
2967,FLQG
2968,NH
2969,ZDGE
2970,RETA
2971,GMS
2972,USFD
2973,CLSD
2974,EHT
2975,MSBI
2976,EPRF
2977,CHTR
2978,MRUS
2979,ITT
2980,FAAR
2981,IGRO
2982,PZRXQ
2983,PLSE
2984,SUPV
2985,NGVT
2986,ACIA
2987,VTGN
2988,JPME
2989,TPB
2990,SITE
2991,ALJJ
2992,VBIV
2993,AGGP
2994,LNGR
2995,BFIT
2996,NTLA
2997,MILN
2998,QHCCQ
2999,ENIC
3000,GWRS
3001,YIN
3002,RRR
3003,WFIG
3004,SFHY
3005,WFHY
3006,SFIG
3007,CDXC
3008,LINK
3009,SCWX
3010,SDG
3011,IBUY
3012,ARA
3013,CATH
3014,FWONA
3015,FWONK
3016,MGP
3017,BATRK
3018,BATRA
3019,LSXMA
3020,LSXMK
3021,LSXMB
3022,RFEU
3023,RFAP
3024,STOT
3025,EMTL
3026,RFDI
3027,UA
3028,RESE
3029,IQDG
3030,AGLE
3031,AFI
3032,VRAY
3033,EVGBC
3034,EVLMC
3035,SRTS
3036,JHMS
3037,JHMU
3038,JHME
3039,JHMA
3040,JHMI
3041,ROSE
3042,CEZ
3043,CRVS
3044,PSET
3045,PY
3046,SENS
3047,SBPH
3048,FVC
3049,HCM
3050,GAMR
3051,IVES
3052,SHE
3053,WBT
3054,GSJY
3055,GSEU
3056,NVTRQ
3057,VYMI
3058,VIGI
3059,EVSTC
3060,NCBS
3061,JSMD
3062,JSML
3063,PUTW
3064,SOVB
3065,GCOW
3066,OSB
3067,FIHD
3068,FUT
3069,FIEE
3070,PTI
3071,GTO
3072,ADSW
3073,GCP
3074,BGNE
3075,EDIT
3076,AVGO
3077,TLRD
3078,EMDV
3079,NHA
3080,ELVT
3081,SELF
3082,DFND
3083,XITK
3084,NOMD
3085,WKHS
3086,JNMF
3087,DEFA
3088,DDLS
3089,EUMF
3090,DDWM
3091,LEAD
3092,OCX
3093,LVHD
3094,ABILF
3095,DYLS
3096,RIV
3097,IMOM
3098,TPHS
3099,OSG
3100,SMBK
3101,JPEU
3102,CCRC
3103,DJD
3104,AGR
3105,YRD
3106,NANR
3107,PTEU
3108,EMGF
3109,TEAM
3110,SQBG
3111,ONEV
3112,ONEO
3113,ONEY
3114,MJ
3115,QMOM
3116,SPYX
3117,ASET
3118,DEEF
3119,RMR
3120,DEUS
3121,ENCR
3122,DLTH
3123,KTOV
3124,MIME
3125,AXSM
3126,NBLX
3127,ETHO
3128,MTCH
3129,SQ
3130,MESO
3131,CERC
3132,IAGG
3133,FCPT
3134,VYGR
3135,TLDH
3136,WVE
3137,EQBK
3138,TLEH
3139,GSIE
3140,AC
3141,KURA
3142,EXTN
3143,XCOMQ
3144,USLB
3145,IDLB
3146,FGBI
3147,FORK
3148,FCVT
3149,HPE
3150,ITEQ
3151,ACBI
3152,PXS
3153,AVXL
3154,MYOK
3155,BRQS
3156,WINS
3157,OASMY
3158,SPYD
3159,RACE
3160,FNF
3161,ASHX
3162,LIVN
3163,TWNK
3164,WSC
3165,IOTS
3166,CNCR
3167,MLPB
3168,AMUB
3169,UCIB
3170,BDCZ
3171,BSJN
3172,SPVU
3173,SPMO
3174,BSCP
3175,ABTX
3176,PMTS
3177,CTMX
3178,XLRE
3179,ACRS
3180,PSTG
3181,NWLI
3182,GOOG
3183,GOOGL
3184,MSGS
3185,PJT
3186,SBBP
3187,NVCR
3188,JAX
3189,HJPX
3190,STAF
3191,SGRY
3192,PFGC
3193,MLTI
3194,SYBX
3195,QGTA
3196,JPUS
3197,FLOW
3198,JHMT
3199,JHMF
3200,JHMC
3201,JHMM
3202,JHML
3203,JHMH
3204,GEM
3205,FDEU
3206,SPXE
3207,SPXT
3208,SPXV
3209,UTES
3210,QLC
3211,SPXN
3212,LKOR
3213,GSLC
3214,PEN
3215,RGNX
3216,KSA
3217,PILL
3218,CSWI
3219,VAMO
3220,TMSR
3221,DSKE
3222,EUDV
3223,CRHM
3224,GYRO
3225,IBMK
3226,IBMJ
3227,XCEM
3228,NLSN
3229,VTEB
3230,CSBR
3231,EURZ
3232,OEUR
3233,NAIL
3234,CRAK
3235,PRPL
3236,EWRE
3237,HLI
3238,HDEF
3239,HDAW
3240,CNFR
3241,GBT
3242,SITO
3243,NFLT
3244,AIMT
3245,NTEC
3246,PLNT
3247,ZYNE
3248,RUN
3249,BNED
3250,CIL
3251,CID
3252,XELB
3253,Z
3254,AQMS
3255,VTVT
3256,JHY
3257,NK
3258,CYRX
3259,HFXJ
3260,HFXE
3261,LITE
3262,HFXI
3263,EMBH
3264,LOB
3265,NEOS
3266,GNK
3267,MSBF
3268,CVEO
3269,OOMA
3270,RPD
3271,JP
3272,IPAY
3273,CHMA
3274,RILY
3275,OLLI
3276,MOTI
3277,ALTY
3278,OUSA
3279,EPIX
3280,YLD
3281,EQFN
3282,RMNI
3283,AGGY
3284,KLDW
3285,CDL
3286,CSB
3287,CSA
3288,CIBR
3289,RBNC
3290,AGI
3291,KHC
3292,PYPL
3293,SRG
3294,WRK
3295,ENR
3296,HZN
3297,BLD
3298,CABO
3299,CC
3300,NTRA
3301,HLG
3302,CFMS
3303,HEWP
3304,TDOC
3305,UFAB
3306,HEWI
3307,HEWL
3308,HEWY
3309,HEWU
3310,HSCZ
3311,HEWC
3312,HEWW
3313,HAUD
3314,HAWX
3315,TPYP
3316,THW
3317,MJCO
3318,GPP
3319,PIRS
3320,MCRB
3321,APPF
3322,ALRM
3323,GKOS
3324,TRU
3325,CCR
3326,HTUS
3327,JPN
3328,PVCTW
3329,CYAD
3330,RTTR
3331,EGIF
3332,UNVR
3333,ISZE
3334,IVLU
3335,FIT
3336,SPNE
3337,CHAD
3338,ALPN
3339,MNST
3340,PTMC
3341,PTNQ
3342,PTLC
3343,WING
3344,PUB
3345,DTEA
3346,EVH
3347,ICVT
3348,SOUHY
3349,AMEH
3350,GNL
3351,MLSS
3352,YLCO
3353,LABU
3354,LABD
3355,ACV
3356,BZUN
3357,CHCT
3358,SHOP
3359,KRNY
3360,APLE
3361,GLPG
3362,CDRBQ
3363,FTAI
3364,SCID
3365,SCIX
3366,RKDA
3367,SCIJ
3368,SCIU
3369,BVXVW
3370,STKS
3371,ADAP
3372,HTGM
3373,COLL
3374,BSM
3375,BVXV
3376,ACWF
3377,SMLF
3378,LRGF
3379,INTF
3380,ISCF
3381,BPMC
3382,JETS
3383,EVA
3384,NSA
3385,SMCP
3386,PZG
3387,NRTSF
3388,UNIT
3389,CHAU
3390,KMPH
3391,PRTY
3392,QUS
3393,VIRT
3394,CRBP
3395,ETSY
3396,CDTX
3397,ADRO
3398,XBIT
3399,NEXT
3400,FFTY
3401,XRLV
3402,IGT
3403,NXRT
3404,KRNT
3405,GDDY
3406,FSB
3407,JCAP
3408,CCD
3409,SEDG
3410,TANH
3411,CLLS
3412,ROSC
3413,QED
3414,QLS
3415,XT
3416,CHEK
3417,SDEM
3418,GSBD
3419,SRET
3420,SUM
3421,IBDP
3422,IBDQ
3423,IBDN
3424,IBDO
3425,IBDM
3426,XELA
3427,XELAW
3428,MEAR
3429,SMMT
3430,EUSC
3431,ATLS
3432,NHLD
3433,HYIH
3434,IGIH
3435,EMIH
3436,QVM
3437,FISK
3438,ESBA
3439,OGCP
3440,SPLP
3441,IOVA
3442,ROUS
3443,ROAM
3444,FIBR
3445,RODM
3446,TOTL
3447,RISE
3448,VSTO
3449,AJX
3450,NVTA
3451,NHTC
3452,INOV
3453,DFP
3454,CCS
3455,AVNS
3456,RCKT
3457,DEA
3458,FREL
3459,SPYB
3460,REGL
3461,VNRX
3462,SMDV
3463,XHR
3464,FNWB
3465,KALV
3466,SHAK
3467,ASND
3468,VUZI
3469,LENSF
3470,EURN
3471,BOX
3472,UE
3473,ICBK
3474,KEN
3475,CPSH
3476,IQLT
3477,IMTM
3478,WIW
3479,WIA
3480,MTT
3481,MTR
3482,MSD
3483,VTA
3484,EFF
3485,EFT
3486,EFR
3487,NIQ
3488,NIE
3489,NID
3490,NIM
3491,GPM
3492,BGY
3493,BGX
3494,BGT
3495,BGR
3496,BGH
3497,BGB
3498,JPS
3499,JPC
3500,JPI
3501,KF
3502,KTF
3503,MVO
3504,MVF
3505,MVT
3506,BZM
3507,IGI
3508,IGA
3509,IGD
3510,IGR
3511,DTF
3512,FFA
3513,FFC
3514,EHI
3515,NKX
3516,NKG
3517,JRS
3518,JRI
3519,JRO
3520,NVG
3521,MHD
3522,MHF
3523,MHN
3524,PHT
3525,PHD
3526,PHK
3527,IAF
3528,IAE
3529,LGI
3530,CMU
3531,TSLF
3532,TLI
3533,VTN
3534,PCQ
3535,JTA
3536,JTD
3537,SZC
3538,PPT
3539,JQC
3540,MGF
3541,NPV
3542,NPN
3543,GIM
3544,PFN
3545,PFO
3546,PFD
3547,HTY
3548,HTD
3549,VVR
3550,RNP
3551,FUND
3552,EQS
3553,NRT
3554,NRO
3555,NRK
3556,BPT
3557,PDI
3558,PDT
3559,RFI
3560,ENX
3561,TPZ
3562,TPL
3563,VPV
3564,MARPS
3565,EMD
3566,ADX
3567,PBT
3568,MNE
3569,SCD
3570,MNP
3571,HPF
3572,HPI
3573,HPS
3574,NFJ
3575,BLW
3576,WEA
3577,CLM
3578,BTO
3579,BTA
3580,BTZ
3581,BTT
3582,AFT
3583,GCV
3584,AFB
3585,DBL
3586,CHY
3587,CHW
3588,CHN
3589,CHI
3590,IIM
3591,IIF
3592,IID
3593,GF
3594,NXJ
3595,NXN
3596,NXC
3597,NXR
3598,NXP
3599,NXQ
3600,JCE
3601,GAB
3602,SOR
3603,GAM
3604,CSQ
3605,INSI
3606,OIA
3607,BHV
3608,BHK
3609,NZF
3610,HGTXU
3611,JEQ
3612,GGN
3613,GGZ
3614,GGT
3615,SMM
3616,FT
3617,FTF
3618,MYF
3619,MYD
3620,MYC
3621,MYN
3622,MYJ
3623,MYI
3624,HEQ
3625,DDF
3626,JGH
3627,MFV
3628,MFT
3629,MFM
3630,MFL
3631,MFD
3632,PZC
3633,UTF
3634,PSLV
3635,FMO
3636,FMY
3637,BLE
3638,FPL
3639,FPF
3640,IQI
3641,USA
3642,BXMX
3643,FOF
3644,ROYT
3645,BNY
3646,RIF
3647,DHY
3648,SWZ
3649,FRA
3650,ISD
3651,VFL
3652,DSE
3653,DSU
3654,CHKR
3655,FIF
3656,EAD
3657,DNI
3658,NBB
3659,NBO
3660,NBH
3661,NBW
3662,TEI
3663,PTY
3664,RVT
3665,QQQX
3666,AEF
3667,VLT
3668,ETX
3669,AWF
3670,MQY
3671,MQT
3672,AWP
3673,BBF
3674,BBK
3675,BBN
3676,ECT
3677,ECF
3678,FAM
3679,JOF
3680,FAX
3681,RCG
3682,WHZT
3683,VBF
3684,BYM
3685,NYV
3686,KYN
3687,MSB
3688,FEI
3689,FEO
3690,FEN
3691,PMO
3692,PMM
3693,PML
3694,PMF
3695,PMX
3696,CGO
3697,IDE
3698,BDJ
3699,EEA
3700,NNY
3701,PPR
3702,MHE
3703,MHI
3704,OXLC
3705,DUC
3706,ASG
3707,NUM
3708,ASA
3709,NUO
3710,NUW
3711,NUV
3712,MUJ
3713,MUH
3714,MUI
3715,MUC
3716,MUA
3717,MUE
3718,MUS
3719,PKO
3720,CET
3721,CEV
3722,CEM
3723,CEN
3724,CEE
3725,CEF
3726,IFN
3727,BFY
3728,BFZ
3729,BFO
3730,BFK
3731,FGB
3732,EGF
3733,HIO
3734,NHS
3735,HIE
3736,HIX
3737,NHF
3738,JSD
3739,TY
3740,PIM
3741,EIM
3742,RCS
3743,NJV
3744,DSL
3745,KSM
3746,AOD
3747,NQP
3748,MIY
3749,GHY
3750,MIN
3751,PGZ
3752,PGP
3753,CAF
3754,FCO
3755,FCT
3756,GUT
3757,TSI
3758,BQH
3759,SDRMU
3760,SDTTU
3761,NSL
3762,GNT
3763,PEO
3764,PER
3765,LDP
3766,EMO
3767,RGT
3768,EMF
3769,MIE
3770,KIO
3771,ERH
3772,ERC
3773,SBI
3774,MMT
3775,MMU
3776,SBR
3777,BSE
3778,BSD
3779,BSL
3780,BST
3781,GLV
3782,GLU
3783,GLQ
3784,GLO
3785,PCM
3786,PCN
3787,PCI
3788,PCK
3789,DIAX
3790,JMM
3791,EOT
3792,EOS
3793,EOI
3794,EOD
3795,HQL
3796,HQH
3797,TWN
3798,PHYS
3799,ARDC
3800,MMD
3801,ETO
3802,ETJ
3803,ETG
3804,ETB
3805,ETY
3806,ETW
3807,ETV
3808,KMF
3809,BUI
3810,IHD
3811,PAI
3812,VMM
3813,VMO
3814,SPPP
3815,CTR
3816,EVV
3817,EVT
3818,NMY
3819,EVY
3820,EVG
3821,EVF
3822,EVN
3823,EVM
3824,MAV
3825,NMS
3826,BWG
3827,AGD
3828,CUBA
3829,CII
3830,CIK
3831,CIF
3832,VOC
3833,FMN
3834,CRF
3835,CRT
3836,EXD
3837,EXG
3838,PFL
3839,MCR
3840,MCA
3841,MCI
3842,GFY
3843,MCN
3844,BIT
3845,BIF
3846,STAY
3847,MXE
3848,MXF
3849,GDO
3850,GDL
3851,MEN
3852,GDV
3853,GGM
3854,SJT
3855,BKT
3856,BKK
3857,BKN
3858,NEV
3859,ACP
3860,NEA
3861,IVH
3862,GBAB
3863,JDD
3864,DEX
3865,RQI
3866,VKI
3867,VKQ
3868,HYT
3869,HYI
3870,HYB
3871,MZA
3872,MGU
3873,RMT
3874,BME
3875,PYN
3876,JFR
3877,AIF
3878,SPXX
3879,FLC
3880,BOE
3881,NAZ
3882,NAN
3883,NAD
3884,NAC
3885,IRL
3886,IRR
3887,UTG
3888,JHS
3889,JHI
3890,ZTR
3891,FSD
3892,VGI
3893,VGM
3894,DNP
3895,NCB
3896,CXH
3897,CXE
3898,NMI
3899,NML
3900,TDF
3901,NMZ
3902,NMT
3903,SRV
3904,SRF
3905,BCV
3906,HNW
3907,NCA
3908,NCV
3909,NCZ
3910,STK
3911,BAF
3912,BCX
3913,PSF
3914,JLS
3915,DMO
3916,VCV
3917,VCF
3918,GULTU
3919,PNF
3920,PNI
3921,DPG
3922,EDI
3923,EDD
3924,EDF
3925,NOM
3926,GRF
3927,GRX
3928,SPE
3929,DOMR
3930,AVK
3931,MPV
3932,MPA
3933,GOF
3934,PPSC
3935,PPLC
3936,JPEM
3937,PATI
3938,HIPS
3939,QRVO
3940,SBIO
3941,HCHC
3942,CTSO
3943,EQAL
3944,TRIL
3945,ABEO
3946,IVAL
3947,DIVY
3948,ONDK
3949,BBP
3950,BBC
3951,QSR
3952,TACOW
3953,NXEOW
3954,AGFSW
3955,LMBHW
3956,INSEW
3957,WK
3958,SIXD
3959,JRVR
3960,NEWR
3961,INSE
3962,GAA
3963,MOMO
3964,VALX
3965,DBEZ
3966,CRBN
3967,XSOE
3968,AVID
3969,JRJRQ
3970,KCNY
3971,IBDL
3972,CRC
3973,MLPO
3974,UBS
3975,LOWC
3976,EVFM
3977,STOR
3978,NTIP
3979,PGRE
3980,LMRK
3981,ENVA
3982,AINC
3983,FGEN
3984,PRAH
3985,EMQQ
3986,SKOR
3987,SLNO
3988,HACK
3989,AXTA
3990,JYNT
3991,CBON
3992,PDBC
3993,ADMA
3994,SNR
3995,JPIN
3996,FRPT
3997,NVRO
3998,UPLD
3999,SYNH
4000,FEMB
4001,CHRS
4002,LMBS
4003,FPXI
4004,TBK
4005,KEYS
4006,GMOM
4007,LBRDK
4008,LBRDA
4009,SHLX
4010,CBFV
4011,ARKG
4012,ARKK
4013,BOOT
4014,SIEN
4015,APTO
4016,BGSF
4017,AXPWQ
4018,FEUZ
4019,MELR
4020,FSAM
4021,QVAL
4022,DBVT
4023,KE
4024,USDP
4025,SRSCQ
4026,VBND
4027,XENE
4028,ATRA
4029,COMT
4030,KIQ
4031,GWB
4032,FCAU
4033,MMAC
4034,PLAY
4035,ALTS
4036,FLTB
4037,FCOR
4038,HUBS
4039,VBTX
4040,FBND
4041,ECC
4042,IPOS
4043,W
4044,DWAT
4045,ATTO
4046,CALA
4047,AACH
4048,BCLI
4049,ARKQ
4050,ARKW
4051,VSLR
4052,CIZ
4053,VEC
4054,ARI
4055,ARE
4056,ARR
4057,BXP
4058,TCO
4059,ALX
4060,WMC
4061,GOOD
4062,UHT
4063,KRG
4064,KRC
4065,ANH
4066,OFC
4067,GTY
4068,QTS
4069,CDR
4070,PLD
4071,AHT
4072,BHR
4073,AHH
4074,RYN
4075,ELS
4076,HTA
4077,CTRE
4078,LXP
4079,EQC
4080,EQR
4081,NRZ
4082,IMH
4083,CLI
4084,CLDT
4085,RESI
4086,ESS
4087,BRG
4088,BRT
4089,BRX
4090,ADC
4091,MNR
4092,HT
4093,HR
4094,IOR
4095,OHI
4096,HPP
4097,AGNC
4098,OLP
4099,UMH
4100,SBRA
4101,ABR
4102,MITT
4103,FR
4104,WHLR
4105,WRE
4106,O
4107,CBL
4108,VER
4109,GEO
4110,TCI
4111,MFA
4112,SKT
4113,WPG
4114,LTC
4115,WELL
4116,BXMT
4117,FRT
4118,WY
4119,AMT
4120,CORR
4121,SUI
4122,CDOR
4123,PCH
4124,LSI
4125,NLY
4126,VRTB
4127,VRTA
4128,BDN
4129,NNN
4130,CIO
4131,APTS
4132,BFS
4133,EGP
4134,NHI
4135,HIW
4136,GLPI
4137,AMH
4138,UBA
4139,UBP
4140,CCI
4141,EARN
4142,ESRT
4143,VTR
4144,UDR
4145,STWD
4146,REG
4147,PMT
4148,EPR
4149,ACRE
4150,PEI
4151,COR
4152,HST
4153,HASI
4154,AVB
4155,AKR
4156,INN
4157,CMO
4158,ROIC
4159,TWO
4160,SLG
4161,DRE
4162,CONE
4163,CTT
4164,MAC
4165,MAA
4166,CUBE
4167,CIM
4168,STAR
4169,PSA
4170,PW
4171,KIM
4172,EXR
4173,AAT
4174,STAG
4175,CPT
4176,ACC
4177,PDM
4178,SHO
4179,XAN
4180,WRI
4181,DLR
4182,HMG
4183,PEB
4184,IRT
4185,RPAI
4186,NYMT
4187,FSP
4188,SOHO
4189,RHP
4190,DS
4191,DOC
4192,RWT
4193,RLJ
4194,DEI
4195,MPW
4196,CXW
4197,CXP
4198,DRH
4199,TRNO
4200,CHMI
4201,PSB
4202,WPC
4203,HCFT
4204,VNO
4205,LAND
4206,WSR
4207,SPG
4208,IVR
4209,REXR
4210,CNXM
4211,HEEM
4212,GWGH
4213,MDLY
4214,CYBR
4215,CFG
4216,DVP
4217,AVAL
4218,CDK
4219,ERI
4220,BABA
4221,BSJL
4222,BSJM
4223,BSCO
4224,BSCN
4225,VKTX
4226,PRQR
4227,DIVC
4228,NVUS
4229,AFMD
4230,WLKP
4231,HMLP
4232,RODI
4233,NXTD
4234,MBCN
4235,FTLS
4236,MBSD
4237,AUPH
4238,WBIL
4239,LTRPA
4240,WBIF
4241,WBIE
4242,WBII
4243,WBIG
4244,LTRPB
4245,VOLT
4246,EFAD
4247,IMNPQ
4248,FDIV
4249,IBMI
4250,OTIC
4251,EFOI
4252,RYI
4253,LMB
4254,TTOO
4255,FTSM
4256,WHLM
4257,CSF
4258,MRNS
4259,ADVM
4260,SYF
4261,CTLT
4262,VBLT
4263,ZSAN
4264,SMLL
4265,LNTH
4266,ENLV
4267,THQ
4268,HQY
4269,LOCO
4270,WMS
4271,OEC
4272,OCUL
4273,XENT
4274,IFV
4275,TSQ
4276,CNXT
4277,SPKE
4278,BPY
4279,NEP
4280,PARR
4281,SAGE
4282,GLOB
4283,PFNX
4284,TRUP
4285,CDNA
4286,TIPT
4287,WPP
4288,WIT
4289,BORNY
4290,MTL
4291,MUFG
4292,IEP
4293,RHNO
4294,KT
4295,KB
4296,CMCM
4297,PBR.A
4298,YPF
4299,AUOTY
4300,NTTYY
4301,GRVY
4302,LASLY
4303,LAZ
4304,UAN
4305,IRCP
4306,ATHM
4307,NVO
4308,NVS
4309,JOBS
4310,PHI
4311,VALE
4312,JD
4313,CAPL
4314,RBS
4315,TLK
4316,BITA
4317,PRISY
4318,CCLP
4319,ICAYY
4320,SGU
4321,SMLP
4322,ELP
4323,RDY
4324,IX
4325,PSXP
4326,EQM
4327,KNMCY
4328,NRP
4329,GOL
4330,INFY
4331,ENIA
4332,UGP
4333,ATAX
4334,AACG
4335,FENG
4336,PBR
4337,OIBRQ
4338,NICE
4339,BTI
4340,CHU
4341,CHT
4342,FELPQ
4343,CHL
4344,CHA
4345,SAP
4346,SAN
4347,IMMP
4348,AKO.A
4349,AKO.B
4350,ZXAIY
4351,TTM
4352,MPLX
4353,SNMP
4354,PKX
4355,HKTVY
4356,HTHT
4357,CUK
4358,GRAM
4359,NOK
4360,CPAC
4361,OSN
4362,BVN
4363,MBT
4364,SOL
4365,UMC
4366,RDS.B
4367,QIWI
4368,LPL
4369,BHP
4370,ABB
4371,MTLS
4372,AMOV
4373,OIBR.C
4374,HEP
4375,BBVA
4376,GEL
4377,TCP
4378,MFG
4379,SKM
4380,CODI
4381,EC
4382,YZCAY
4383,VIPS
4384,ZNH
4385,BKEP
4386,JHX
4387,FMS
4388,FMX
4389,RELX
4390,SIM
4391,SID
4392,BIDU
4393,TIAIY
4394,PAM
4395,RIO
4396,WB
4397,TGP
4398,DQ
4399,DL
4400,IRMD
4401,JKS
4402,RDHL
4403,SIFY
4404,AMX
4405,BSAC
4406,TEF
4407,TEO
4408,PTR
4409,TGS
4410,VEOEY
4411,LXFR
4412,CS
4413,CX
4414,GLOP
4415,VEDL
4416,TRIB
4417,BBL
4418,SSNYY
4419,SSL
4420,CRESY
4421,SNP
4422,HMC
4423,HMY
4424,AMRN
4425,SNE
4426,KZIA
4427,ITUB
4428,CRTO
4429,VLRS
4430,PTNR
4431,KYOCY
4432,AVDL
4433,CGGYY
4434,TEDU
4435,UL
4436,MIXT
4437,GSK
4438,GSH
4439,BP
4440,SRLP
4441,WNS
4442,MMLP
4443,ORAN
4444,ASR
4445,VJET
4446,NEN
4447,CEO
4448,CEA
4449,FGPR
4450,LEJU
4451,BAK
4452,TOT
4453,XNET
4454,EBR.B
4455,TEVA
4456,ARLP
4457,AVVIY
4458,AU
4459,NCTY
4460,AB
4461,TIIAY
4462,TM
4463,TS
4464,TV
4465,TX
4466,CCM
4467,CCU
4468,VNOM
4469,WBK
4470,ENBL
4471,CAJ
4472,IBA
4473,IBN
4474,LTM
4475,LFC
4476,CIG.C
4477,TSU
4478,TSM
4479,SQM
4480,RYAAY
4481,LYG
4482,EPD
4483,BSMX
4484,OMAB
4485,PTGCY
4486,GGB
4487,SIMO
4488,EDAP
4489,CELP
4490,ERJ
4491,KOF
4492,MMP
4493,SBS
4494,FANH
4495,GLP
4496,ING
4497,EOCCY
4498,TOUR
4499,WBAI
4500,ET
4501,RDS.A
4502,BUD
4503,DCMYY
4504,PAC
4505,PAA
4506,SNY
4507,HCR
4508,XTLB
4509,KKR
4510,SNN
4511,ERIC
4512,CIG
4513,CIB
4514,VNET
4515,VOD
4516,GRFS
4517,CRH
4518,GFASY
4519,GFI
4520,BIP
4521,KNOP
4522,FUN
4523,VIV
4524,VEON
4525,NOAH
4526,WUBA
4527,USAC
4528,PAGP
4529,HIMX
4530,DLNG
4531,DEO
4532,SMICY
4533,CCIHY
4534,CINR
4535,CLMT
4536,BBD
4537,KEP
4538,HSBC
4539,LND
4540,SHI
4541,SHG
4542,BMA
4543,HDB
4544,NGL
4545,NGG
4546,DKL
4547,FORTY
4548,GWPH
4549,OIIM
4550,TKC
4551,AZN
4552,NS
4553,DMLP
4554,NJDCY
4555,GMLP
4556,AKTX
4557,FLY
4558,IRS
4559,MLCO
4560,IIJIY
4561,XIN
4562,ATV
4563,ABEV
4564,NTES
4565,ACH
4566,DXF
4567,EQNR
4568,DCP
4569,PUK
4570,SUN
4571,LITB
4572,BRFS
4573,PBFX
4574,YGEHY
4575,E
4576,GGAL
4577,CEQP
4578,AVH
4579,CQP
4580,DRD
4581,EBR
4582,SMFG
4583,BBDO
4584,NMR
4585,BCS
4586,HNP
4587,ITCB
4588,BCH
4589,PSO
4590,TAL
4591,BSBR
4592,CNTFY
4593,EDU
4594,EDN
4595,NSLPQ
4596,BEP
4597,SPH
4598,WIL
4599,REET
4600,MYOS
4601,HEZU
4602,VRTV
4603,CDC
4604,TMST
4605,RYAM
4606,CFA
4607,CFO
4608,ISTR
4609,SERV
4610,MIK
4611,GBIM
4612,NERV
4613,GPRO
4614,AMPH
4615,CBAY
4616,SNDX
4617,INFO
4618,ZFGN
4619,CBMG
4620,PARNF
4621,ARDX
4622,CBDEF
4623,AY
4624,ASPN
4625,JPGE
4626,ZDEU
4627,IEUR
4628,IUSB
4629,ZGBR
4630,DGRO
4631,TSE
4632,ZJPN
4633,ARDMQ
4634,MGEN
4635,MOBL
4636,ZCAN
4637,IPAC
4638,FBGX
4639,FLGE
4640,AMTX
4641,UDFI
4642,QWLD
4643,JPMV
4644,SMEZ
4645,QEFA
4646,EUMV
4647,ANET
4648,QEMM
4649,DNOW
4650,HCMC
4651,RESN
4652,LQDH
4653,HYGH
4654,SPUU
4655,QTNT
4656,HRTG
4657,PE
4658,SDPI
4659,AGRX
4660,FFWM
4661,ASHS
4662,TGEN
4663,SFBS
4664,PVCT
4665,FMB
4666,ZEN
4667,QRHC
4668,TBPH
4669,BWFG
4670,OUNZ
4671,TRUE
4672,RDUS
4673,LPG
4674,OXBR
4675,IHDG
4676,EUDG
4677,FNJN
4678,FMBH
4679,VRP
4680,QAT
4681,UAE
4682,UMDD
4683,QDEL
4684,QDEF
4685,PLAB
4686,ATRO
4687,TNDM
4688,SSBI
4689,YORW
4690,BPOP
4691,MTSC
4692,MTSL
4693,MTSI
4694,WIX
4695,WIP
4696,DBJP
4697,WINMQ
4698,WEAT
4699,LULU
4700,SBBX
4701,SKYW
4702,VSTM
4703,SKYY
4704,BIOL
4705,ALBO
4706,GRBK
4707,BIOC
4708,SPCB
4709,ECPG
4710,CRUS
4711,YCL
4712,FCCY
4713,YCS
4714,TAOP
4715,COKE
4716,SHYD
4717,SHYG
4718,APWC
4719,GLUU
4720,OFIX
4721,VRSK
4722,VRSN
4723,LOGI
4724,FTLB
4725,LOGM
4726,T
4727,TLYS
4728,HRB
4729,EMMS
4730,CPSS
4731,CPSI
4732,ARL
4733,ARC
4734,ARW
4735,MTD
4736,MTG
4737,TPH
4738,FSK
4739,MTB
4740,MTN
4741,MTH
4742,XNTK
4743,MTW
4744,IBOC
4745,NETE
4746,MTX
4747,MTZ
4748,MSA
4749,YANG
4750,HYND
4751,BXC
4752,MNTX
4753,BXS
4754,MNTA
4755,PLM
4756,MORN
4757,CDW
4758,MORT
4759,PLT
4760,CDE
4761,PLW
4762,IEF
4763,IEC
4764,RM
4765,IEO
4766,IEI
4767,IEV
4768,FREEF
4769,PAAS
4770,IEZ
4771,IEX
4772,CDVIQ
4773,GEC
4774,DVY
4775,PEGA
4776,DVA
4777,DVD
4778,ABCB
4779,DVN
4780,LCI
4781,NTCT
4782,STRL
4783,STRM
4784,STRI
4785,STRT
4786,RNG
4787,STRS
4788,EFG
4789,EFA
4790,EFO
4791,EFV
4792,EFU
4793,FTSL
4794,FTSD
4795,EFZ
4796,EFX
4797,AEGN
4798,PNFP
4799,FDX
4800,FDT
4801,FDS
4802,FDP
4803,FDN
4804,FDL
4805,FDM
4806,FDD
4807,SYNL
4808,TAIT
4809,NIB
4810,NORW
4811,GPS
4812,THC
4813,THD
4814,GPX
4815,THM
4816,THO
4817,GPC
4818,THR
4819,THS
4820,VXF
4821,GPK
4822,GPI
4823,GPN
4824,GPL
4825,TECK
4826,PICB
4827,PICK
4828,PICO
4829,BGS
4830,TCS
4831,BGI
4832,BGG
4833,MBUU
4834,QQXT
4835,SOXX
4836,USPH
4837,HOPE
4838,SOXL
4839,JPM
4840,USD
4841,CRNT
4842,CYTR
4843,SAND
4844,MGPI
4845,MGEE
4846,SANW
4847,KW
4848,KR
4849,KN
4850,KO
4851,BLUE
4852,CSTE
4853,MASI
4854,CMCO
4855,WSFS
4856,NWBO
4857,CURE
4858,EUSA
4859,JXI
4860,UNXLQ
4861,BKSC
4862,LUNA
4863,IBTX
4864,CCUR
4865,RUSL
4866,NVDA
4867,DDPXF
4868,MDCA
4869,RMCF
4870,BEBE
4871,UPRO
4872,RDNT
4873,OTTR
4874,BANC
4875,BANF
4876,BANX
4877,BANR
4878,FTNT
4879,SLGN
4880,ISSC
4881,HBIO
4882,MDXG
4883,ADBE
4884,ALV
4885,NTN
4886,ALB
4887,ALE
4888,NTP
4889,RTIX
4890,ALK
4891,ALL
4892,OESX
4893,ACWX
4894,MAG
4895,MVC
4896,IBIO
4897,MVV
4898,EPHE
4899,NBTB
4900,HYHG
4901,BZH
4902,OXSQ
4903,TTMI
4904,HAIN
4905,CIZN
4906,NUAN
4907,PJP
4908,CBZ
4909,CBU
4910,CBT
4911,CBRI
4912,CNBKA
4913,CBKC
4914,CBRE
4915,CBB
4916,IGM
4917,IGN
4918,IGC
4919,IGE
4920,IGF
4921,IGV
4922,SBB
4923,PEIX
4924,DTD
4925,DTE
4926,DTN
4927,DTO
4928,DTH
4929,FFG
4930,OTIVF
4931,ROBO
4932,FOXF
4933,FFR
4934,SPAB
4935,LAD
4936,IFEU
4937,UAG
4938,MANH
4939,UAL
4940,CVCY
4941,MANU
4942,MANT
4943,HEES
4944,RNWK
4945,SYLD
4946,TESS
4947,HHC
4948,NKE
4949,HHS
4950,GVP
4951,TNC
4952,TNA
4953,GVA
4954,ATOS
4955,TNP
4956,GVI
4957,SDOG
4958,SCHM
4959,MBWM
4960,ZGNX
4961,SCHN
4962,ESSA
4963,SCHA
4964,LAWS
4965,SCHB
4966,TPVG
4967,CYRN
4968,SCHF
4969,PZT
4970,SCHZ
4971,WDAY
4972,MVIS
4973,PCTY
4974,PCTI
4975,GLT
4976,EBSB
4977,TWOU
4978,SPSM
4979,UBFO
4980,NXST
4981,WMB
4982,WMK
4983,BF.A
4984,ANIP
4985,AAXJ
4986,ANIK
4987,ICPT
4988,ECTE
4989,RMAX
4990,DESTQ
4991,NDAQ
4992,SENEA
4993,QCLN
4994,OFED
4995,AKBA
4996,SFBC
4997,KRE
4998,KRO
4999,FTHI
5000,FHLC
5001,RTRX
5002,ARMK
5003,EMAN
5004,EMAG
5005,RDWR
5006,SSKN
5007,NVR
5008,ANF
5009,IBKR
5010,IBKC
5011,MHH
5012,MHK
5013,MHO
5014,VYM
5015,EWZS
5016,TIF
5017,TRST
5018,TIKK
5019,BR
5020,INBK
5021,PHX
5022,PHB
5023,PHM
5024,PHO
5025,VALU
5026,IAT
5027,IAU
5028,BGCP
5029,OFS
5030,IAG
5031,IAK
5032,OFG
5033,SNA
5034,BC
5035,ACUR
5036,BA
5037,DZZ
5038,JE
5039,JJOFF
5040,DZK
5041,ROLL
5042,IMMU
5043,IMMR
5044,IFGL
5045,LGL
5046,UUUU
5047,RBA
5048,RBC
5049,ALXN
5050,XOMA
5051,RBYCF
5052,CMS
5053,TEAR
5054,PNBK
5055,TSLX
5056,TSLA
5057,HVT
5058,HNRG
5059,ITIC
5060,SPTL
5061,TLH
5062,VTV
5063,GTT
5064,GTS
5065,GTN
5066,ATMP
5067,VTI
5068,TLT
5069,VTGDF
5070,TLRS
5071,AVNW
5072,RFIL
5073,SIVB
5074,TXRH
5075,BBGI
5076,GORO
5077,CDMO
5078,SZOXF
5079,SZK
5080,GRPN
5081,BSJK
5082,NLST
5083,PLXP
5084,L
5085,SOYB
5086,PCRX
5087,PBHC
5088,VIDE
5089,VIDI
5090,LINC
5091,NWFL
5092,RBCAA
5093,SCHO
5094,CACH
5095,CACI
5096,GRIF
5097,GRID
5098,MMSI
5099,UNTY
5100,PBPB
5101,PRSC
5102,TBT
5103,SCHC
5104,TXMD
5105,CNCE
5106,AUTO
5107,LZB
5108,LNT
5109,DSLV
5110,NTUS
5111,MKC.V
5112,LOAN
5113,HUBB
5114,AROW
5115,RYU
5116,EMCF
5117,HBMD
5118,ITRN
5119,RICK
5120,AMN
5121,ITRI
5122,NPK
5123,NPO
5124,AHC
5125,GII
5126,GIL
5127,GIS
5128,UBCP
5129,RLGT
5130,RLGY
5131,PRIM
5132,TITN
5133,ASHR
5134,DXD
5135,INDL
5136,INDB
5137,DXJ
5138,INDA
5139,DXR
5140,INDY
5141,PFI
5142,PFF
5143,PFG
5144,PFE
5145,CNI
5146,CNK
5147,FREDQ
5148,CNO
5149,CNA
5150,CNC
5151,CNX
5152,ICF
5153,CWST
5154,CNQ
5155,CNP
5156,CNS
5157,ICITF
5158,SGGFF
5159,SGC
5160,SGA
5161,EIGI
5162,TMP
5163,ACST
5164,XLV
5165,MXIM
5166,XSVM
5167,SCHR
5168,XSMO
5169,FBC
5170,LEN
5171,FBZ
5172,FBT
5173,SMLR
5174,LEE
5175,FBP
5176,SMLV
5177,NTIC
5178,RDI
5179,RDN
5180,ELY
5181,ELD
5182,ODC
5183,TECD
5184,TECH
5185,UEC
5186,ODP
5187,ATSG
5188,HRI
5189,ITOT
5190,LCUT
5191,HTH
5192,GLMD
5193,TRV
5194,TRT
5195,TRS
5196,TRQ
5197,TRC
5198,TRN
5199,BIZD
5200,EPRSQ
5201,OSIS
5202,JVA
5203,EGHT
5204,PFSW
5205,FDIS
5206,SXT
5207,SXI
5208,SXC
5209,SHLDQ
5210,SHLO
5211,FFHL
5212,CTRN
5213,TLGT
5214,RNR
5215,IO
5216,URI
5217,IT
5218,IP
5219,PANW
5220,XXVFF
5221,URBN
5222,CUTR
5223,DFVL
5224,DFVS
5225,AMED
5226,AXGN
5227,GROW
5228,CAAS
5229,WAT
5230,WAB
5231,WBA
5232,WAL
5233,ESNC
5234,BSTG
5235,FISV
5236,FISI
5237,C
5238,TRMK
5239,FUNC
5240,ECHO
5241,TMUS
5242,SPGI
5243,CEMB
5244,CEMI
5245,LXU
5246,EQL
5247,EQT
5248,H
5249,KNL
5250,BUSE
5251,GATX
5252,IDMO
5253,CNAT
5254,IDHQ
5255,COWN
5256,ZUMZ
5257,LCNB
5258,NRG
5259,RSP
5260,RNST
5261,AJG
5262,GME
5263,MLP
5264,MLR
5265,MLM
5266,MLN
5267,MLI
5268,TCBK
5269,TCBI
5270,GEOS
5271,SPEM
5272,PRKR
5273,TTWO
5274,FLTR
5275,INFU
5276,ASFI
5277,INFI
5278,INFN
5279,CLS
5280,CLR
5281,CLW
5282,FCNCA
5283,CLX
5284,MRVL
5285,PDN
5286,CLB
5287,PDS
5288,CLF
5289,CLH
5290,SEM
5291,DGII
5292,SEE
5293,SEF
5294,PODD
5295,SASR
5296,SMRT
5297,EIGR
5298,OMF
5299,OCFC
5300,ENZ
5301,ENV
5302,ENS
5303,EPC
5304,ENG
5305,RFV
5306,RFP
5307,ENB
5308,SNSS
5309,SGMS
5310,SGMO
5311,UGA
5312,UGL
5313,UGI
5314,SGMA
5315,PNNT
5316,MTDR
5317,HNNA
5318,HRC
5319,KOLD
5320,HRL
5321,HLIT
5322,MICR
5323,TPC
5324,BOSC
5325,TDIV
5326,GERN
5327,MLVF
5328,RARE
5329,FILL
5330,LMST
5331,PBIP
5332,PFMT
5333,GOVT
5334,WETF
5335,VPL
5336,VPG
5337,IRBT
5338,VPU
5339,FFNW
5340,VOOV
5341,ZAZA
5342,PAHC
5343,ELLO
5344,XXII
5345,HURC
5346,EBIX
5347,HURN
5348,GVAL
5349,AMGN
5350,EMX
5351,SESN
5352,CHUY
5353,TWIN
5354,JAKK
5355,WGO
5356,DOOR
5357,GRMN
5358,CENTA
5359,PBS
5360,SREV
5361,EGAN
5362,EGBN
5363,ENZL
5364,ENZN
5365,FULT
5366,RMBS
5367,ONEQ
5368,SPLG
5369,CPER
5370,CECE
5371,TBBK
5372,DSPG
5373,FBMS
5374,ESINQ
5375,ESE
5376,ESP
5377,SUSA
5378,ARKR
5379,ECNS
5380,VEU
5381,HL
5382,DJCI
5383,BRC
5384,BRF
5385,BRN
5386,BRO
5387,NSSC
5388,RIGL
5389,ADI
5390,TIP
5391,ADM
5392,UHAL
5393,MOG.A
5394,MOG.B
5395,GMF
5396,ADZCF
5397,ADP
5398,ADS
5399,GMO
5400,NMIH
5401,QMN
5402,TDTF
5403,OBCI
5404,TJX
5405,XMHQ
5406,THST
5407,FENY
5408,VOOG
5409,PBJ
5410,PBH
5411,PBI
5412,PBMLF
5413,PBA
5414,PBF
5415,PBD
5416,PBE
5417,PBP
5418,PBW
5419,SCS
5420,ACOR
5421,MNA
5422,SCZ
5423,SCX
5424,MNK
5425,MNIQQ
5426,SCC
5427,SCJ
5428,SCI
5429,SCO
5430,SCL
5431,SCM
5432,HE
5433,HD
5434,CTIC
5435,HA
5436,HI
5437,HP
5438,HY
5439,STLY
5440,JW.B
5441,JW.A
5442,LECO
5443,SANM
5444,STLD
5445,CLFD
5446,RXD
5447,RXN
5448,D
5449,RXI
5450,UIS
5451,IOO
5452,SGOC
5453,TACT
5454,HPQ
5455,KONAQ
5456,TOLZ
5457,WTMF
5458,RXL
5459,OSUR
5460,ULST
5461,USNA
5462,SORL
5463,GALT
5464,WERN
5465,RUSHA
5466,RUSHB
5467,VRA
5468,PPBI
5469,TORM
5470,HCI
5471,FDEF
5472,BSPM
5473,HRTX
5474,UMPQ
5475,AGND
5476,BCRX
5477,K
5478,SSNC
5479,AMAT
5480,VRNS
5481,AMAG
5482,VRNT
5483,ANAT
5484,WEX
5485,VMBS
5486,THG
5487,EYPT
5488,FAUS
5489,WEN
5490,SIGM
5491,SIGI
5492,SIGA
5493,CDNS
5494,CRD.B
5495,CRD.A
5496,SRCL
5497,AAPL
5498,SRCE
5499,ENTG
5500,ENTA
5501,GLYC
5502,CWB
5503,SPWR
5504,CWI
5505,CWT
5506,SPWH
5507,CAMP
5508,MMYT
5509,NPTN
5510,SWK
5511,SLYG
5512,WYNN
5513,VGIT
5514,ASM
5515,GMED
5516,IKNX
5517,EUO
5518,EUM
5519,AREXQ
5520,IPHI
5521,LGND
5522,ONCY
5523,IDLV
5524,CNET
5525,BTN
5526,BTG
5527,BTE
5528,CBAN
5529,PROV
5530,AFG
5531,TGNA
5532,AFK
5533,AFH
5534,GCC
5535,AFL
5536,HSKA
5537,TCFC
5538,OBAS
5539,SLQD
5540,EWBC
5541,DBV
5542,DBS
5543,DBP
5544,DBD
5545,DBE
5546,DBB
5547,DBC
5548,PESI
5549,DBA
5550,DBO
5551,ESNT
5552,FELE
5553,CHS
5554,ASB
5555,CHH
5556,CHE
5557,CHD
5558,SAR
5559,SAA
5560,SAM
5561,SAH
5562,HFWA
5563,GIII
5564,QTWO
5565,SYBT
5566,RSXJ
5567,FXB
5568,EZPW
5569,QKLS
5570,FXA
5571,FXF
5572,FXG
5573,FORR
5574,FXE
5575,FXH
5576,FXI
5577,FXO
5578,FXL
5579,FORD
5580,FXP
5581,FXU
5582,FXZ
5583,FORM
5584,FXY
5585,RZG
5586,III
5587,IIN
5588,ONB
5589,GBLI
5590,DBEU
5591,ERUS
5592,DBEF
5593,ATEN
5594,ATEC
5595,DBEM
5596,VSEC
5597,CCBG
5598,LBAI
5599,RAVN
5600,SDYL
5601,JACK
5602,GARS
5603,WOR
5604,TAP
5605,PFIS
5606,USLM
5607,PFIN
5608,PFIG
5609,PFIE
5610,VLU
5611,SIL
5612,TTC
5613,TTI
5614,VLY
5615,TTSH
5616,VLO
5617,BSRR
5618,JBSS
5619,AMCF
5620,EBMT
5621,AMCX
5622,GM
5623,ITGR
5624,GD
5625,GE
5626,AJRD
5627,GS
5628,GT
5629,GV
5630,PKG
5631,PKB
5632,XBI
5633,BOCH
5634,ISDR
5635,SPSB
5636,GNOW
5637,PKW
5638,TWER
5639,VIAV
5640,MOAT
5641,CXDC
5642,CUO
5643,CUB
5644,CUT
5645,YNDX
5646,SIEB
5647,CAKE
5648,FAST
5649,BHC
5650,FBIZ
5651,MDLZ
5652,LRN
5653,EWT
5654,EWU
5655,EWV
5656,EWW
5657,EWP
5658,EWQ
5659,EWS
5660,EWX
5661,EWY
5662,EWZ
5663,EWD
5664,EWG
5665,EWA
5666,EWC
5667,EWL
5668,EWM
5669,EWN
5670,EWO
5671,EWH
5672,EWI
5673,EWJ
5674,EWK
5675,LGLV
5676,KMX
5677,KINS
5678,OSK
5679,ICFI
5680,STFC
5681,WPRT
5682,ARGT
5683,GSBC
5684,SCOR
5685,TREX
5686,PRAA
5687,HGLI
5688,CINF
5689,ORRF
5690,HSIC
5691,HSII
5692,QID
5693,KMB
5694,KNX
5695,UTMD
5696,ESLT
5697,FLRN
5698,JCS
5699,JCP
5700,TZOO
5701,GAL
5702,SOQDQ
5703,MBB
5704,SPMB
5705,MBI
5706,TBNK
5707,NECB
5708,VCLT
5709,LEU
5710,SMTC
5711,HCKT
5712,EXAS
5713,BLDR
5714,SHSP
5715,IMGN
5716,USL
5717,SMIN
5718,JKHY
5719,OLOXF
5720,OLN
5721,RCPIQ
5722,CMRE
5723,FNHC
5724,GEN
5725,LDUR
5726,CMRX
5727,NDLS
5728,DBGR
5729,MKSI
5730,TAGS
5731,RGS
5732,GLD
5733,LWAY
5734,KMPR
5735,FUSB
5736,TMHC
5737,RBBN
5738,TILE
5739,SONA
5740,MYRG
5741,VNM
5742,VNDA
5743,IOSP
5744,GDEN
5745,BSTC
5746,PKOH
5747,BDSI
5748,NWPX
5749,UCI
5750,GBX
5751,ISBC
5752,CVTI
5753,ACHV
5754,EGLE
5755,GBR
5756,ENPH
5757,SCHL
5758,FSTR
5759,FSTA
5760,LORL
5761,SKX
5762,BIO.B
5763,XLRN
5764,FCOM
5765,IHE
5766,OIS
5767,VOXX
5768,CSV
5769,CSU
5770,CSX
5771,CSD
5772,CSL
5773,CSM
5774,IHT
5775,VLGEA
5776,ROST
5777,TFLO
5778,ROSGQ
5779,HIL
5780,BWEN
5781,GURU
5782,SFNC
5783,LPI
5784,LPX
5785,SPSC
5786,FNBCQ
5787,ARAY
5788,ATNI
5789,PRCP
5790,CBIO
5791,TRGP
5792,BHE
5793,BHB
5794,HGGGQ
5795,GOLD
5796,IGHG
5797,ABT
5798,BVSN
5799,ABM
5800,HNGR
5801,ABG
5802,ABC
5803,NSYS
5804,BELFA
5805,WVFC
5806,IVOO
5807,KFY
5808,HGEN
5809,TOFB
5810,KFS
5811,EPZM
5812,MITK
5813,WEC
5814,DFE
5815,DFJ
5816,ILMN
5817,J
5818,DFS
5819,ESBK
5820,REFR
5821,INVA
5822,MDU
5823,MDP
5824,MDRIQ
5825,MDY
5826,GGG
5827,MDC
5828,MPVDF
5829,MSFT
5830,FM
5831,FL
5832,CYAN
5833,SMG
5834,SMH
5835,FF
5836,KNOW
5837,FC
5838,FB
5839,MGRC
5840,SMP
5841,ACIW
5842,FV
5843,BLFS
5844,FTK
5845,IMAX
5846,THRM
5847,FTC
5848,FTA
5849,ELSE
5850,STBA
5851,USRT
5852,NFTY
5853,IEUS
5854,FTRCQ
5855,PCEF
5856,WWE
5857,ALG
5858,FIDU
5859,DORM
5860,HAUZ
5861,DBAW
5862,NOBL
5863,HZO
5864,WRN
5865,WRB
5866,ALDX
5867,ACWV
5868,GCBC
5869,VSAT
5870,KODK
5871,TXT
5872,ACWI
5873,SMBC
5874,NICK
5875,TXN
5876,VHC
5877,SFST
5878,VHI
5879,VHT
5880,HRZN
5881,AMOT
5882,MDWD
5883,BOOM
5884,SSTK
5885,NAUH
5886,EBAY
5887,FLT
5888,ASPS
5889,QBAK
5890,LSCC
5891,YXI
5892,RGEN
5893,HTLF
5894,HTLD
5895,WWW
5896,ANGL
5897,CVBF
5898,XMLV
5899,LRCX
5900,LMAT
5901,LOPE
5902,TGTX
5903,MRCC
5904,MYE
5905,MYL
5906,IBDD
5907,BKCC
5908,GRES
5909,BZQ
5910,MYY
5911,SVT
5912,CAMT
5913,WATT
5914,LLNW
5915,ADRE
5916,RING
5917,LVS
5918,TACO
5919,ARCO
5920,ARCC
5921,SVM
5922,EVBN
5923,ARCW
5924,BJK
5925,TISI
5926,HEI
5927,KOSS
5928,BCPC
5929,ATRS
5930,ATRI
5931,HES
5932,ATRC
5933,QEP
5934,OPHC
5935,DDD
5936,DDG
5937,DDM
5938,COTY
5939,KAMN
5940,DDS
5941,GEF
5942,HBP
5943,SMOG
5944,TCX
5945,MFC
5946,GES
5947,ACGL
5948,CTAS
5949,SKF
5950,SKY
5951,ZIXI
5952,SEII
5953,FVD
5954,EXEL
5955,NFRA
5956,TUSA
5957,FVL
5958,CLNE
5959,IWX
5960,IWY
5961,IUSG
5962,PZA
5963,PZD
5964,IWP
5965,IWR
5966,IWS
5967,PZN
5968,IWV
5969,IUSV
5970,IWL
5971,IWM
5972,IWN
5973,IWO
5974,IWB
5975,IWC
5976,IWD
5977,IWF
5978,FNLC
5979,CNXN
5980,FIBK
5981,PBCT
5982,KEQU
5983,HXL
5984,RPM
5985,PWB
5986,RPG
5987,RPV
5988,ZSL
5989,PWZ
5990,TEUM
5991,BHLB
5992,USFR
5993,AIMC
5994,WPS
5995,DWAS
5996,WPX
5997,NASB
5998,EV
5999,EW
6000,UTL
6001,EA
6002,ED
6003,EE
6004,UTI
6005,EL
6006,IIIN
6007,ONVO
6008,DENN
6009,DXYN
6010,XLP
6011,XLU
6012,XLY
6013,ISNS
6014,XLB
6015,XLE
6016,XLF
6017,XLG
6018,XLI
6019,XLK
6020,HTBI
6021,HTBK
6022,PRXIQ
6023,HTBX
6024,ENLC
6025,HAFC
6026,KPTI
6027,AYI
6028,PLUS
6029,AOSL
6030,PLUG
6031,UYG
6032,CSFL
6033,WSTL
6034,WSTG
6035,GLAD
6036,CWBC
6037,AKRX
6038,FLEX
6039,HIHO
6040,CHOPF
6041,CBAT
6042,TENX
6043,GUNR
6044,AWSM
6045,TSCO
6046,LTL
6047,CLSN
6048,FMC
6049,FMF
6050,FMK
6051,INSM
6052,LJPC
6053,LQDT
6054,RBCN
6055,PRGX
6056,PRGS
6057,PRGNF
6058,PRGO
6059,BCRHF
6060,BLK
6061,GCO
6062,HCA
6063,BLL
6064,NSEC
6065,BLV
6066,BLX
6067,MHLD
6068,NFG
6069,SNPS
6070,EFSC
6071,KBR
6072,KBE
6073,KBA
6074,KBH
6075,GCE
6076,SBAC
6077,EVRI
6078,SLYV
6079,FLXS
6080,KFYP
6081,FLXN
6082,IXUS
6083,DJP
6084,TAC
6085,MRGR
6086,AVAV
6087,TAT
6088,GQRE
6089,SIJ
6090,MGNX
6091,SIF
6092,SIG
6093,SIX
6094,PHDG
6095,JBHT
6096,PNRG
6097,AMTD
6098,FPX
6099,FPPP
6100,FPI
6101,FPA
6102,FPE
6103,PXD
6104,PXE
6105,PXF
6106,PXH
6107,PXI
6108,PXJ
6109,PXQ
6110,PCAR
6111,LDOS
6112,UST
6113,USV
6114,HEWJ
6115,ROP
6116,USM
6117,USB
6118,GBDC
6119,HEWG
6120,LIQDQ
6121,CMTL
6122,NVMI
6123,SRTY
6124,BCOR
6125,BCOV
6126,BCOM
6127,MCRI
6128,MCRO
6129,RRC
6130,RRD
6131,AGYS
6132,RAND
6133,HWC
6134,SHBI
6135,IVOG
6136,AR
6137,ZBRA
6138,IVOV
6139,TSRI
6140,USDU
6141,RAVE
6142,VDE
6143,VDC
6144,TPX
6145,AMKR
6146,BOKF
6147,SLCT
6148,CPTA
6149,MBII
6150,SPDC
6151,CGNX
6152,RRGB
6153,DBLV
6154,BNSO
6155,CBRL
6156,VERU
6157,QADB
6158,BYFC
6159,OSPN
6160,EWUS
6161,FEYE
6162,CZNC
6163,CASY
6164,CASS
6165,CASH
6166,PZZA
6167,CIGI
6168,CHIE
6169,CHIM
6170,CHII
6171,CHIQ
6172,CHIX
6173,SAL
6174,GULF
6175,CPIX
6176,PDFS
6177,FOE
6178,CLUB
6179,SPYV
6180,IIVI
6181,VGK
6182,CNSL
6183,HELE
6184,BND
6185,HAS
6186,HAP
6187,RNET
6188,BNO
6189,TRMB
6190,HAE
6191,HVT.A
6192,BNS
6193,HAL
6194,RIG
6195,TGLS
6196,PPIH
6197,QAI
6198,WU
6199,WM
6200,WD
6201,GIGM
6202,SPYG
6203,DHR
6204,DHS
6205,DHT
6206,COPX
6207,DHX
6208,INTT
6209,INTU
6210,INTC
6211,VCRA
6212,MYGN
6213,TGI
6214,TGH
6215,DWSN
6216,ALO
6217,ATVI
6218,TGA
6219,TGB
6220,STIP
6221,LCII
6222,ATGE
6223,DY
6224,PPSI
6225,VNQI
6226,SWX
6227,MGLN
6228,DB
6229,DE
6230,DG
6231,DFODQ
6232,SWM
6233,DOFSQ
6234,UUP
6235,UUU
6236,HMSY
6237,HMST
6238,FRO
6239,FRI
6240,FRD
6241,FRC
6242,JKG
6243,JKF
6244,JKE
6245,JKD
6246,JKK
6247,JKJ
6248,JKI
6249,JKH
6250,JKL
6251,ISR
6252,OGEN
6253,XMMO
6254,FXN
6255,RALS
6256,RZV
6257,SALM
6258,FXR
6259,G
6260,HCCI
6261,GFED
6262,NTWK
6263,SEIC
6264,RTH
6265,RTM
6266,OFLX
6267,IVAC
6268,LAKE
6269,IAC
6270,UNAM
6271,WTM
6272,WTI
6273,WTT
6274,WTS
6275,VFC
6276,VFH
6277,RGCO
6278,CERS
6279,DARE
6280,NCLH
6281,CERN
6282,BJRI
6283,SOFO
6284,FMBI
6285,XHE
6286,XHB
6287,MNOV
6288,EPAM
6289,EDUC
6290,EPAY
6291,PTE
6292,PEBO
6293,ARCB
6294,DSI
6295,MRIN
6296,DSX
6297,FLAT
6298,FSLR
6299,ULBI
6300,CHKP
6301,OXFD
6302,FHI
6303,CLWT
6304,FIX
6305,ADTN
6306,FIW
6307,FIS
6308,EFAV
6309,AEHR
6310,AMG
6311,IDXX
6312,AMD
6313,ICLD
6314,LTRE
6315,ICLN
6316,NDSN
6317,KELYA
6318,KELYB
6319,TROW
6320,HOSS
6321,AMJ
6322,HON
6323,CIDM
6324,HOG
6325,EAT
6326,ALSK
6327,ALSN
6328,WIRE
6329,DISH
6330,TCRD
6331,ZG
6332,DNR
6333,CORP
6334,CORT
6335,CHCI
6336,HWCC
6337,DNN
6338,DNL
6339,CORE
6340,TEUFF
6341,TER
6342,NBL
6343,TEX
6344,CLBS
6345,TEL
6346,JBLU
6347,SUP
6348,FDTS
6349,ZEUS
6350,SUB
6351,ACAD
6352,BREW
6353,UWM
6354,AMPE
6355,MATX
6356,MATW
6357,INVE
6358,INTL
6359,KLIC
6360,PTC
6361,JMP
6362,PTF
6363,PTH
6364,DHI
6365,PTN
6366,VIOV
6367,XSD
6368,INTG
6369,VIOG
6370,XSW
6371,RAVI
6372,CCNE
6373,SRPT
6374,PBYI
6375,SPPI
6376,ALLY
6377,EEMA
6378,BLBD
6379,DGICB
6380,DGICA
6381,ALLT
6382,EEMS
6383,EEMV
6384,IROQ
6385,TGC
6386,HCAP
6387,ALLE
6388,LAMR
6389,TGT
6390,WMT
6391,VZ
6392,VV
6393,VT
6394,VO
6395,VC
6396,VB
6397,SBGI
6398,TUES
6399,TWTR
6400,PGAL
6401,ZNGA
6402,EMHY
6403,ISHG
6404,HUBG
6405,QQQE
6406,CHIC
6407,FTRI
6408,CW
6409,CP
6410,CR
6411,CE
6412,CF
6413,CB
6414,CL
6415,CM
6416,CN
6417,CO
6418,SWN
6419,CRVL
6420,ACCO
6421,BF.B
6422,HALO
6423,HALL
6424,SPBO
6425,VTNR
6426,SLCA
6427,CSLT
6428,ZN
6429,OAS
6430,FCAN
6431,EQWL
6432,GLOG
6433,SPVM
6434,FCAP
6435,AWI
6436,AWK
6437,RVP
6438,AWR
6439,AWX
6440,DGRE
6441,CHEF
6442,DGRS
6443,DGRW
6444,HIFS
6445,KIRK
6446,FKU
6447,FWRD
6448,TSEM
6449,SMED
6450,FKO
6451,CYH
6452,CYD
6453,POL
6454,CYB
6455,POR
6456,LTPZ
6457,NKSH
6458,TLF
6459,NBIX
6460,DSWL
6461,CARZ
6462,TRIP
6463,BBW
6464,BBY
6465,PVI
6466,BBH
6467,PVG
6468,EXPD
6469,LNC
6470,LNG
6471,RMD
6472,EXPO
6473,ECH
6474,ECL
6475,EXPR
6476,WSM
6477,MFNC
6478,BSCL
6479,BSCK
6480,SSI
6481,LEN.B
6482,SSP
6483,SPTS
6484,SSY
6485,DLX
6486,TVTY
6487,DLS
6488,DLN
6489,DLA
6490,DLB
6491,LPLA
6492,HMN
6493,OUT
6494,NEAR
6495,NLS
6496,TNAV
6497,AMRS
6498,MTRX
6499,UYM
6500,FNDC
6501,FNDB
6502,FNDA
6503,BRKR
6504,BRKS
6505,FNDE
6506,AMRC
6507,AMRB
6508,BRKL
6509,FNDX
6510,AXAS
6511,AMRK
6512,ROCK
6513,PCOM
6514,HDGE
6515,RELL
6516,JOE
6517,JOB
6518,PRU
6519,PRK
6520,ASTE
6521,PFXF
6522,ASTC
6523,PRO
6524,VCEL
6525,PRA
6526,PRF
6527,ESXB
6528,GLCN
6529,FIZZ
6530,RUTH
6531,SRNE
6532,ANTH
6533,NVGS
6534,UTSI
6535,PTSI
6536,ABUS
6537,IRIX
6538,AGCO
6539,PLBC
6540,TDTT
6541,RCL
6542,VIOO
6543,V
6544,TAST
6545,AAXN
6546,WHR
6547,WHG
6548,WHF
6549,ZAGG
6550,VBR
6551,VBK
6552,CPRT
6553,CPRX
6554,CEVA
6555,ASRV
6556,IDCC
6557,CNHI
6558,ERII
6559,PRPH
6560,HYMB
6561,BYD
6562,MEIP
6563,NYT
6564,MNKD
6565,CBLI
6566,EGPT
6567,MEIL
6568,ENDP
6569,VRTU
6570,VRTS
6571,ALNY
6572,PRZM
6573,KRA
6574,NRC
6575,GTIM
6576,VTHR
6577,EQIX
6578,DWM
6579,FCCO
6580,LFVN
6581,ABBV
6582,THFF
6583,DWX
6584,JCOM
6585,NGE
6586,ORCL
6587,KBSF
6588,XSLV
6589,NEWT
6590,MSGN
6591,MSI
6592,MSM
6593,MSN
6594,IBND
6595,SAMG
6596,DRNA
6597,COLM
6598,FEX
6599,FEZ
6600,OMER
6601,FEP
6602,SPEU
6603,FET
6604,VIXM
6605,FEM
6606,ORLY
6607,CGW
6608,PME
6609,PMD
6610,CGIPQ
6611,IDA
6612,BGFV
6613,FLNT
6614,IDN
6615,IDU
6616,IDT
6617,IDV
6618,IDX
6619,UAA
6620,QLYS
6621,UG
6622,BDX
6623,AEZS
6624,BDR
6625,SPLK
6626,BDL
6627,BDC
6628,BDDXF
6629,CLAR
6630,QDYN
6631,CYTK
6632,ROG
6633,WEYS
6634,ROM
6635,ROL
6636,ROK
6637,LLY
6638,EEH
6639,EEM
6640,EES
6641,EEV
6642,EET
6643,RDCM
6644,BSET
6645,KAI
6646,SENEB
6647,PETS
6648,ATHX
6649,NNI
6650,GSM
6651,GSIH
6652,GSG
6653,GSB
6654,GSC
6655,BK
6656,BH
6657,GSY
6658,GSV
6659,BG
6660,GSP
6661,XRAY
6662,BRID
6663,ULE
6664,KFFB
6665,NGVC
6666,PPL
6667,PPH
6668,NRIM
6669,PPG
6670,PPA
6671,PPC
6672,IYZ
6673,IYY
6674,IYR
6675,DZSI
6676,IYW
6677,IYT
6678,IYJ
6679,IYK
6680,IYH
6681,CIT
6682,IYM
6683,IYC
6684,IYF
6685,IYG
6686,IYE
6687,CMCSA
6688,CCRN
6689,SRLN
6690,NVEC
6691,NVEE
6692,SNFCA
6693,WDFC
6694,QCOM
6695,SIRI
6696,SYNA
6697,FNK
6698,FANG
6699,WNC
6700,SBCF
6701,SYNC
6702,ISTB
6703,ADMS
6704,ADMP
6705,EMLBF
6706,NAII
6707,EMLP
6708,CETV
6709,SPLV
6710,CRRSQ
6711,ICSH
6712,MUSA
6713,TRVN
6714,ENFR
6715,KWR
6716,PTLA
6717,PATK
6718,HSTM
6719,EDOG
6720,IEMG
6721,FRPH
6722,CORV
6723,KCLI
6724,R
6725,EHTH
6726,QCRH
6727,DUK
6728,NUE
6729,ASC
6730,NUS
6731,MUB
6732,HIBB
6733,MUX
6734,MUR
6735,HFBL
6736,ARWR
6737,HEDJ
6738,LOCMQ
6739,PKI
6740,CEW
6741,FLOT
6742,CEL
6743,IFF
6744,OCC
6745,OCN
6746,EMGC
6747,OSBC
6748,OZK
6749,RVNU
6750,RVNC
6751,SPFF
6752,FGD
6753,FGM
6754,LBY
6755,EXTR
6756,CLIR
6757,ERLFF
6758,XONE
6759,EGY
6760,VOX
6761,HII
6762,HIG
6763,ATNM
6764,NHC
6765,BELFB
6766,IAI
6767,TOL
6768,TOK
6769,CMBS
6770,SPXC
6771,MARK
6772,XHS
6773,EURL
6774,AXJL
6775,WSO.B
6776,BBBY
6777,DXJS
6778,NGHC
6779,BASX
6780,CROC
6781,AUDC
6782,CROP
6783,CROX
6784,CPAH
6785,RADA
6786,FIVN
6787,LHCG
6788,FIVE
6789,BNFT
6790,VRML
6791,DCOM
6792,SEAC
6793,CSWC
6794,INUV
6795,SEAS
6796,BECN
6797,IPFF
6798,WLMS
6799,NXPI
6800,WLL
6801,WLK
6802,AUY
6803,ANTM
6804,CZWI
6805,ISRG
6806,ISRA
6807,BDCS
6808,AT
6809,MDYG
6810,AP
6811,AN
6812,AL
6813,AI
6814,AG
6815,AE
6816,MDYV
6817,TD
6818,TG
6819,TK
6820,TR
6821,TU
6822,QRTEB
6823,QRTEA
6824,SVVC
6825,BYLD
6826,SSB
6827,PRTA
6828,NOVT
6829,AADR
6830,GDXJ
6831,GSIT
6832,MSON
6833,WABC
6834,EDMCQ
6835,NSTG
6836,AMU
6837,AMS
6838,AMP
6839,NWL
6840,NWE
6841,CVLY
6842,AME
6843,AMC
6844,NWS
6845,CVLT
6846,DGLY
6847,MWA
6848,CHCO
6849,TREE
6850,DGLD
6851,MAIN
6852,HEFA
6853,IQDY
6854,UBR
6855,UBT
6856,VCYT
6857,DODXF
6858,SYKE
6859,FLIC
6860,UCC
6861,PIZ
6862,FLIR
6863,PIE
6864,PID
6865,PIO
6866,PIN
6867,PII
6868,PIH
6869,CCF
6870,CCEP
6871,CCJ
6872,CCK
6873,CCL
6874,FRBK
6875,FRBA
6876,MIDU
6877,MIDD
6878,GHYG
6879,PINC
6880,RVLT
6881,VECO
6882,MS
6883,FAD
6884,PDLI
6885,FAF
6886,SINA
6887,FACO
6888,FAB
6889,FAN
6890,RWR
6891,FAS
6892,IMRSQ
6893,LEDS
6894,RCD
6895,TQQQ
6896,EIG
6897,RCI
6898,YINN
6899,EIX
6900,EIS
6901,WVVI
6902,NSIT
6903,OMEX
6904,NJR
6905,TMO
6906,GWX
6907,ATLC
6908,TMF
6909,GWW
6910,PEBK
6911,ATLO
6912,SPDW
6913,MPWR
6914,UCBI
6915,SMTX
6916,JPNL
6917,EBTC
6918,HWKN
6919,PMBC
6920,KLAC
6921,CRMBQ
6922,CRMT
6923,AWRE
6924,FITB
6925,BNDX
6926,IRWD
6927,AGFS
6928,AGEN
6929,NFLX
6930,GLRE
6931,BEAT
6932,GLRI
6933,AKAM
6934,AKAOQ
6935,GTE
6936,WBC
6937,WBBW
6938,GNTX
6939,SINO
6940,CSCO
6941,WBS
6942,ARNA
6943,QMCO
6944,PRTS
6945,GEVO
6946,PRTK
6947,RIOT
6948,SPHB
6949,SPHD
6950,SPHS
6951,SPHQ
6952,MLAB
6953,CNOB
6954,EPOL
6955,AGHC
6956,BB
6957,TLTE
6958,TLTD
6959,KSS
6960,KSU
6961,ACTG
6962,SAVE
6963,SFM
6964,UFCS
6965,QUMU
6966,EBND
6967,MEOH
6968,AOR
6969,AOS
6970,VAW
6971,RIBT
6972,AOK
6973,AOM
6974,AOA
6975,SON
6976,GHM
6977,GHL
6978,GHC
6979,RCII
6980,MIC
6981,EIDO
6982,GRUB
6983,UDN
6984,OGE
6985,URTH
6986,OGS
6987,URTY
6988,TREC
6989,GAZZF
6990,ZIOP
6991,ZION
6992,INCO
6993,PGX
6994,PGR
6995,PGJ
6996,PGMFF
6997,INCY
6998,DYYXF
6999,PGDDF
7000,PGF
7001,CAE
7002,CAG
7003,IBP
7004,CAH
7005,ERINQ
7006,CAT
7007,CAWW
7008,CAI
7009,IBB
7010,IBM
7011,SF
7012,SA
7013,SC
7014,SM
7015,SNECQ
7016,SO
7017,SH
7018,ST
7019,SU
7020,SP
7021,IMLP
7022,FCG
7023,FCF
7024,FCA
7025,LIND
7026,FCX
7027,SMMU
7028,REEMF
7029,REI
7030,REK
7031,REV
7032,RES
7033,REX
7034,REZ
7035,SNCR
7036,VWO
7037,SAIA
7038,SAIC
7039,FFIC
7040,FFIN
7041,MSTR
7042,FFIV
7043,KVHI
7044,ACER
7045,SVRA
7046,HUN
7047,HUM
7048,OMCL
7049,LTRX
7050,PSCT
7051,LPTH
7052,APEN
7053,TSC
7054,TSN
7055,VIEWF
7056,XYL
7057,RFG
7058,BLDP
7059,GAIA
7060,JWN
7061,GAIN
7062,YUM
7063,PFPT
7064,LSTR
7065,CCXI
7066,TLOG
7067,NFBK
7068,ALFA
7069,PFBI
7070,IYLD
7071,KMDA
7072,SILJ
7073,SILC
7074,GNRC
7075,FMNB
7076,SFE
7077,BDGE
7078,VWOB
7079,BURL
7080,EWGS
7081,EDIV
7082,SIZE
7083,HYEM
7084,WLDN
7085,LYB
7086,CENT
7087,LYV
7088,WAFD
7089,EPEGQ
7090,EPI
7091,EPM
7092,EPP
7093,EPS
7094,EPU
7095,FTEK
7096,EPV
7097,FTEC
7098,OPK
7099,SDD
7100,SDY
7101,ACRX
7102,SDS
7103,SDP
7104,SATS
7105,RCKY
7106,NSP
7107,NSC
7108,AIA
7109,AIG
7110,GNE
7111,GNC
7112,WDC
7113,AIR
7114,AIT
7115,AIZ
7116,GNW
7117,GNR
7118,OEF
7119,UFS
7120,UFI
7121,ICLR
7122,ILTB
7123,ASGN
7124,COO
7125,PEG
7126,TPR
7127,PED
7128,COF
7129,COG
7130,PESXQ
7131,PEP
7132,COWTF
7133,COP
7134,ILF
7135,WINA
7136,ULTRF
7137,ULTA
7138,CXSE
7139,FBSS
7140,OLEM
7141,CLCT
7142,OLED
7143,LDL
7144,ROOF
7145,SMSI
7146,RGI
7147,EMR
7148,RGA
7149,EMN
7150,EML
7151,EMB
7152,RGR
7153,EME
7154,SYX
7155,SYY
7156,SYV
7157,VNCE
7158,VQT
7159,SYK
7160,SYE
7161,SYG
7162,QURE
7163,TOWN
7164,PH
7165,GYLD
7166,FSFG
7167,IART
7168,CTSH
7169,HSY
7170,HSC
7171,ABMD
7172,VICR
7173,RGLD
7174,FNRG
7175,VUG
7176,SUNS
7177,BPFH
7178,CORN
7179,CRIS
7180,DXLG
7181,AUBN
7182,AOBC
7183,SRDX
7184,CJJD
7185,DVYE
7186,DVYA
7187,PRI
7188,XNCR
7189,AXDX
7190,PRN
7191,NCMI
7192,PLXS
7193,MCBC
7194,AGIO
7195,ARGO
7196,MMTM
7197,KWEB
7198,LXRX
7199,WCC
7200,TEN
7201,NBY
7202,DISCK
7203,DISCB
7204,DISCA
7205,WNEB
7206,WFC
7207,HBNC
7208,RH
7209,MOFG
7210,RL
7211,RF
7212,RE
7213,RY
7214,RS
7215,RP
7216,ECON
7217,ECOM
7218,SPTN
7219,GENC
7220,QLD
7221,FTGC
7222,TCCO
7223,PGC
7224,WLFC
7225,DSGX
7226,FBNC
7227,ADES
7228,EROTF
7229,KOP
7230,ERBA
7231,ERA
7232,ERF
7233,CAC
7234,ERY
7235,SBM
7236,MMC
7237,MGYR
7238,SBH
7239,MMI
7240,MMM
7241,MMS
7242,RCMT
7243,PIOE
7244,AVY
7245,MPB
7246,RDVY
7247,KNDI
7248,CTHR
7249,F
7250,VNQ
7251,SCHH
7252,CAR
7253,SCHE
7254,SCHD
7255,SCHG
7256,SCHX
7257,GOGL
7258,BSV
7259,SCHP
7260,BSX
7261,SCHW
7262,SCHV
7263,GLW
7264,IBCE
7265,PWOD
7266,FSBW
7267,GLL
7268,UHS
7269,OKE
7270,INO
7271,INS
7272,INPTF
7273,INT
7274,SB
7275,MAGS
7276,INGR
7277,VONE
7278,VONG
7279,FLWS
7280,FEIM
7281,VONV
7282,INGN
7283,CMP
7284,PCG
7285,CMT
7286,ASEA
7287,CMA
7288,CMC
7289,CME
7290,CMF
7291,CMG
7292,CMI
7293,PCY
7294,CMD
7295,WILC
7296,QQQ
7297,QTRHF
7298,STKL
7299,UONE
7300,RYT
7301,EXLS
7302,RYE
7303,RYF
7304,RYH
7305,EOG
7306,NWBI
7307,VSH
7308,GFF
7309,VSS
7310,SHOO
7311,SMCI
7312,VEEV
7313,GNMK
7314,GNMA
7315,TWM
7316,TWI
7317,MCF
7318,FCN
7319,XEL
7320,XEC
7321,HUSA
7322,SLB
7323,UBG
7324,SMMF
7325,HDSN
7326,PFLT
7327,REPH
7328,CGEN
7329,MUNI
7330,ESTE
7331,UBOH
7332,SCVL
7333,DAIO
7334,SLV
7335,SLY
7336,SLX
7337,ELMD
7338,REM
7339,HCSG
7340,WDR
7341,BKLN
7342,FATE
7343,CANE
7344,FBIO
7345,IDOG
7346,IPKW
7347,Y
7348,BIL
7349,EMFM
7350,RGSEQ
7351,MODN
7352,CVA
7353,CVE
7354,CVI
7355,CVM
7356,CVS
7357,CVR
7358,CVU
7359,CVV
7360,CVY
7361,CVX
7362,UEIC
7363,EDEN
7364,SSRM
7365,LLEX
7366,DLTR
7367,ETM
7368,ETN
7369,ETH
7370,KMT
7371,KMI
7372,ETR
7373,MOD
7374,MOO
7375,MOH
7376,MOV
7377,ACNB
7378,IMKTA
7379,MOS
7380,MSCI
7381,MEET
7382,PRLB
7383,GSAT
7384,BUROF
7385,AEO
7386,AEL
7387,AEM
7388,LPCN
7389,AEE
7390,GTN.A
7391,GBL
7392,AEY
7393,AER
7394,AES
7395,AEP
7396,GBF
7397,IHF
7398,IHC
7399,IHI
7400,OII
7401,IHY
7402,DRI
7403,UJB
7404,DRW
7405,DRRX
7406,GBCI
7407,UAMY
7408,LKFN
7409,VOYA
7410,DCI
7411,DCO
7412,CKX
7413,PAG
7414,CKH
7415,PAR
7416,CCCL
7417,OSTK
7418,FYX
7419,FYT
7420,HMHC
7421,FYC
7422,RDIB
7423,UNT
7424,STML
7425,AGRO
7426,STMP
7427,CLGX
7428,ALCO
7429,VMW
7430,VMC
7431,TUR
7432,TUP
7433,VMI
7434,BSQR
7435,DJCO
7436,EMCG
7437,B
7438,ETFC
7439,EMCB
7440,SCCO
7441,PGTI
7442,WYND
7443,WYY
7444,DYNT
7445,CREE
7446,OVLY
7447,VG
7448,MNRO
7449,GASS
7450,SPOK
7451,USMV
7452,DXPE
7453,TURN
7454,NNBR
7455,EGOV
7456,DAKT
7457,ZIV
7458,SNV
7459,AMZN
7460,ZROZ
7461,CALM
7462,CALI
7463,CALX
7464,PVH
7465,MNDO
7466,APPS
7467,FARO
7468,FARM
7469,PSEC
7470,ORA
7471,ORC
7472,LOV
7473,ORI
7474,ORN
7475,QCCO
7476,CTL
7477,CTB
7478,CTG
7479,CTS
7480,CTPR
7481,BFOR
7482,FTCS
7483,SLRC
7484,WSBC
7485,WSBF
7486,TDY
7487,ESPR
7488,EVR
7489,EVX
7490,EVC
7491,TDG
7492,EVK
7493,MAN
7494,SNX
7495,ACLS
7496,MAT
7497,MAR
7498,MAS
7499,FN
7500,BWXT
7501,BWA
7502,FYLD
7503,BWZ
7504,BWX
7505,BWVTF
7506,CAL
7507,AGQ
7508,NYF
7509,ERIE
7510,AGX
7511,AGZ
7512,AGATF
7513,AGG
7514,ORMP
7515,AGM
7516,AGO
7517,IJK
7518,IJJ
7519,IJH
7520,VIXY
7521,CIVB
7522,MRTX
7523,DWPP
7524,IJT
7525,IJS
7526,IJR
7527,MACK
7528,MDGL
7529,CUBI
7530,FI
7531,DAR
7532,PFS
7533,SRE
7534,DAN
7535,DAL
7536,DAGXF
7537,CIX
7538,INKM
7539,CIR
7540,BBSI
7541,FEMS
7542,ESMC
7543,PFM
7544,MRTN
7545,CIA
7546,GCAP
7547,MINT
7548,MIND
7549,MINC
7550,MINI
7551,VCSH
7552,LPSN
7553,ELTK
7554,IRDM
7555,FOSL
7556,COMM
7557,VOT
7558,VOO
7559,VOE
7560,ICE
7561,BERY
7562,DHIL
7563,RVSB
7564,DTYL
7565,XAR
7566,TYL
7567,APEI
7568,CHGS
7569,USCI
7570,USCR
7571,KBWB
7572,KBWD
7573,KBWP
7574,KBWR
7575,HEI.A
7576,KBWY
7577,JLL
7578,HYXU
7579,AMBC
7580,AMBA
7581,PSX
7582,PTCT
7583,ASMB
7584,WASH
7585,PSCE
7586,PSCD
7587,SPTM
7588,PSCF
7589,PSCC
7590,PSCM
7591,PSCI
7592,PSCH
7593,SBUX
7594,PSCU
7595,PSL
7596,UFPT
7597,CHRW
7598,VGLT
7599,HAYN
7600,SCSC
7601,TAP.A
7602,ANDE
7603,GDOT
7604,SNBR
7605,ON
7606,TILT
7607,OPB
7608,EVGN
7609,OPY
7610,SPRT
7611,IPGP
7612,SVBL
7613,RMTI
7614,SVBI
7615,KTCC
7616,CHGG
7617,PM
7618,SEED
7619,PG
7620,GOEX
7621,PB
7622,GLDD
7623,HGSH
7624,GLDI
7625,CRM
7626,CRL
7627,CRI
7628,CRK
7629,EGRX
7630,SMIT
7631,CRY
7632,CRS
7633,CRRTQ
7634,KIE
7635,KIN
7636,LEG
7637,IESC
7638,XLNX
7639,LEA
7640,FBHS
7641,APTV
7642,MELI
7643,LQD
7644,EXP
7645,BWL.A
7646,RESP
7647,EXI
7648,AROC
7649,EXK
7650,EXC
7651,CXDO
7652,MCS
7653,MCY
7654,MCZAF
7655,GFN
7656,MCC
7657,MCD
7658,MCK
7659,MCO
7660,POOL
7661,HOLD
7662,SLF
7663,CYBE
7664,HOLI
7665,SLM
7666,SLP
7667,WPM
7668,HOLX
7669,BIS
7670,BIV
7671,TIPZ
7672,TIPX
7673,BIB
7674,BIG
7675,JOUT
7676,BIO
7677,WCN
7678,AAP
7679,AAVVF
7680,AAU
7681,AAN
7682,AAL
7683,SPIB
7684,ITW
7685,ITA
7686,VIVO
7687,ITB
7688,SPTI
7689,OMI
7690,JPXN
7691,ITI
7692,OMC
7693,UNM
7694,UNL
7695,UNH
7696,UNG
7697,UNF
7698,MTOR
7699,UNB
7700,UNP
7701,DGX
7702,DGZ
7703,DGT
7704,DGP
7705,DGS
7706,DGL
7707,XOM
7708,TECL
7709,JBL
7710,JBT
7711,ESCA
7712,ALGN
7713,ALGT
7714,WIFI
7715,BICK
7716,FWDB
7717,FUL
7718,STAA
7719,FUE
7720,FUD
7721,NYCB
7722,EXFO
7723,VIS
7724,TYD
7725,VIG
7726,TYO
7727,SBNY
7728,PLCE
7729,LADR
7730,SHEN
7731,SPGP
7732,PGHY
7733,MFIN
7734,MLPI
7735,CRAI
7736,LSBK
7737,MLPC
7738,MLPG
7739,MLPY
7740,PXLW
7741,RGDXQ
7742,IQV
7743,PCYO
7744,PCYG
7745,USAT
7746,USAP
7747,SOIL
7748,DECK
7749,USAK
7750,LYTS
7751,VTWG
7752,VTWO
7753,UEPS
7754,PLPC
7755,RUBI
7756,HYZD
7757,ZBH
7758,BOND
7759,XTNT
7760,NATH
7761,NATI
7762,BONTQ
7763,NATR
7764,AMLP
7765,DUG
7766,MXC
7767,MXI
7768,MXL
7769,SBSI
7770,ULH
7771,SBSAA
7772,STZ.B
7773,JNPR
7774,WOOD
7775,DVAX
7776,AAWW
7777,VTWV
7778,ICCC
7779,KBAL
7780,EVARF
7781,TATT
7782,CPS
7783,CPG
7784,CPF
7785,CPE
7786,CPB
7787,CPA
7788,CPK
7789,CPI
7790,EZA
7791,EZJ
7792,KGC
7793,EZM
7794,INVT
7795,EZU
7796,QSY
7797,QDF
7798,SLVO
7799,QQEW
7800,PDCE
7801,SPLB
7802,PDCO
7803,MET
7804,RIGS
7805,MEI
7806,GDX
7807,MED
7808,ACHC
7809,QUAD
7810,GILT
7811,MSEX
7812,LLIT
7813,SJW
7814,GILD
7815,BKU
7816,BKH
7817,BKF
7818,BKE
7819,BKD
7820,JCTCF
7821,NEU
7822,HFC
7823,ACU
7824,ACM
7825,ACN
7826,NEE
7827,RJA
7828,KOPN
7829,IGOV
7830,NEO
7831,IVZ
7832,IVW
7833,IVV
7834,IVC
7835,IVE
7836,UPS
7837,UPW
7838,UPV
7839,CFFI
7840,CFFN
7841,HOMB
7842,SMB
7843,GLBR
7844,DEENF
7845,DEM
7846,DXIEF
7847,INOD
7848,DEW
7849,DES
7850,QUOT
7851,FE
7852,NTRS
7853,OC
7854,CDXS
7855,SMN
7856,ALEX
7857,JJSF
7858,AGTC
7859,BMCH
7860,SBLK
7861,EFNL
7862,MPAA
7863,VGSH
7864,RLY
7865,FIEGF
7866,EMITF
7867,PGNX
7868,WTFC
7869,WST
7870,HYS
7871,WSO
7872,XMPT
7873,HYG
7874,STCN
7875,XME
7876,VVI
7877,APAM
7878,MCHP
7879,MCHX
7880,MCHI
7881,CSGP
7882,CENX
7883,CSGS
7884,EMSH
7885,AMNB
7886,NWSA
7887,CHNR
7888,MZZ
7889,POWI
7890,ENSG
7891,DVCR
7892,ENSV
7893,AXL
7894,AOXG
7895,AXE
7896,CVCO
7897,AXXDF
7898,AXU
7899,AXP
7900,AXS
7901,AXR
7902,NKTR
7903,AMSWA
7904,LGIH
7905,BGMD
7906,ICAD
7907,M
7908,DMRC
7909,UVSP
7910,TFSL
7911,CWCO
7912,KEX
7913,KEY
7914,EXPE
7915,KEM
7916,NMFC
7917,BFIN
7918,LNN
7919,MDIV
7920,LINUF
7921,TSBK
7922,ADSK
7923,CLRO
7924,OTEX
7925,LUB
7926,FOLD
7927,STXS
7928,LUV
7929,OTEL
7930,TBF
7931,MGTI
7932,MGV
7933,TBI
7934,MGM
7935,MGI
7936,MGK
7937,MGA
7938,TBX
7939,MGC
7940,SHM
7941,POST
7942,ACFN
7943,UTHR
7944,SHY
7945,SHW
7946,SHV
7947,BMY
7948,BMO
7949,BMI
7950,PDP
7951,EROS
7952,KORU
7953,NGS
7954,HDG
7955,HDYNQ
7956,HDS
7957,HDV
7958,NGD
7959,ESGR
7960,IPO
7961,IPI
7962,SPIP
7963,IPG
7964,PYZ
7965,MAYS
7966,FNCL
7967,URA
7968,URG
7969,URE
7970,CTBI
7971,KALU
7972,REED
7973,DKS
7974,NUVA
7975,CDZI
7976,BLKB
7977,RST
7978,RSX
7979,BSCM
7980,RSG
7981,ALKS
7982,SSD
7983,LARK
7984,RAIL
7985,TAYD
7986,NWHM
7987,SSO
7988,EEFT
7989,VCIT
7990,YRCW
7991,AGZD
7992,QNST
7993,JASN
7994,QABA
7995,AIN
7996,UNFI
7997,VEA
7998,MKL
7999,VET
8000,FICO
8001,UDOW
8002,MKC
8003,BRK.A
8004,BRK.B
8005,VBFC
8006,RHS
8007,UIHC
8008,APOG
8009,VUSE
8010,UONEK
8011,PACB
8012,PTEN
8013,FTAG
8014,PACW
8015,CSII
8016,RWO
8017,CSIQ
8018,TKR
8019,MDRX
8020,WRLD
8021,SSYS
8022,PSMT
8023,CATY
8024,CATO
8025,CATM
8026,VLUE
8027,FNDF
8028,SCYX
8029,TTGT
8030,CASI
8031,STGGQ
8032,AZZ
8033,AZO
8034,PKBK
8035,SPXS
8036,SPXU
8037,IPAR
8038,FRME
8039,SPXL
8040,ICOL
8041,PENN
8042,ES
8043,NR
8044,NP
8045,NX
8046,NG
8047,NE
8048,NC
8049,NL
8050,NI
8051,BMTC
8052,FLDM
8053,GLBZ
8054,KCE
8055,SLVP
8056,SUPN
8057,APH
8058,CACC
8059,LKQ
8060,FONR
8061,FLN
8062,FLO
8063,FLL
8064,FLM
8065,CPHC
8066,FLR
8067,FLS
8068,PEJ
8069,CPHI
8070,MTRN
8071,TNET
8072,GXC
8073,GXF
8074,SAFT
8075,HOFT
8076,SAFM
8077,PRFZ
8078,PRFT
8079,PEZ
8080,PEY
8081,PEX
8082,NAT
8083,BOMMF
8084,NAV
8085,BOH
8086,BOSXF
8087,NAK
8088,HBI
8089,HBM
8090,PWC
8091,DXCM
8092,ASYS
8093,AUMN
8094,PWR
8095,PWV
8096,IRM
8097,AERI
8098,I
8099,XVZ
8100,DIS
8101,DIV
8102,DIT
8103,DIA
8104,RGP
8105,DIN
8106,DIM
8107,BLMN
8108,PLOW
8109,NYMX
8110,ZTS
8111,AMWD
8112,NLR
8113,SNLN
8114,FSZ
8115,FSS
8116,FSM
8117,FSI
8118,EEMO
8119,OCSL
8120,QADA
8121,WWD
8122,TELL
8123,MKTX
8124,VGR
8125,VGT
8126,VGZ
8127,CCMP
8128,WTBA
8129,GWRE
8130,LNDC
8131,OVBC
8132,FPRX
8133,SJB
8134,SJM
8135,GTLS
8136,SJI
8137,QUAL
8138,PNC
8139,AZPN
8140,LMNR
8141,LMNX
8142,SJR
8143,VXRT
8144,HBAN
8145,BOTJ
8146,EUFN
8147,LBTYK
8148,LBTYB
8149,LBTYA
8150,EUFX
8151,DTUL
8152,CARA
8153,CARV
8154,MRCY
8155,DTUS
8156,TTEK
8157,ENOR
8158,VEGA
8159,TTEC
8160,HTGC
8161,AAMC
8162,ROYL
8163,AAME
8164,CVGW
8165,MERC
8166,CBSH
8167,FXC
8168,ATR
8169,ATI
8170,ATO
8171,CVGI
8172,CZA
8173,CZR
8174,YELP
8175,CZZ
8176,OXM
8177,AEIS
8178,OXY
8179,EVOL
8180,EVOK
8181,RINF
8182,BMRC
8183,ACY
8184,COLB
8185,BMRN
8186,FCFS
8187,FXD
8188,KAR
8189,RHI
8190,BASI
8191,QGEN
8192,DLHC
8193,FNI
8194,CLVS
8195,PDEX
8196,FNB
8197,NEM
8198,LIT
8199,FNX
8200,FNY
8201,LII
8202,COHN
8203,FNV
8204,TFX
8205,NCR
8206,TMQ
8207,TFI
8208,STZ
8209,STX
8210,FDUS
8211,STT
8212,STN
8213,STL
8214,STC
8215,NEOG
8216,QLTA
8217,BAH
8218,BAM
8219,BALTF
8220,BAC
8221,BAB
8222,BAX
8223,SJNK
8224,ITCI
8225,BAP
8226,CIEN
8227,ANGO
8228,JJATF
8229,JJCTF
8230,JJETF
8231,JJGTF
8232,JJMTF
8233,JJNTF
8234,JJPFF
8235,JJSSF
8236,JJTFF
8237,JJUFF
8238,PUI
8239,VEGI
8240,XTL
8241,XTN
8242,GIFI
8243,POWL
8244,BCBP
8245,ZTNO
8246,CNMD
8247,SWIR
8248,DOV
8249,COST
8250,DOX
8251,IQDE
8252,DOG
8253,IQDF
8254,DOL
8255,DOO
8256,DON
8257,HWBK
8258,MX
8259,RWX
8260,ALOT
8261,MU
8262,RWM
8263,MN
8264,MO
8265,MC
8266,MA
8267,MG
8268,MD
8269,WDIV
8270,PNQI
8271,DIOD
8272,UVE
8273,MTEX
8274,BKNG
8275,UVV
8276,SGRP
8277,FUTY
8278,HMTV
8279,SPMD
8280,LMT
8281,AHPI
8282,ODFL
8283,SBFG
8284,PSTRQ
8285,RLH
8286,RLI
8287,VAR
8288,VAC
8289,CCOI
8290,ARTNA
8291,PFBX
8292,PFBC
8293,EVTC
8294,GOGO
8295,MLHR
8296,GLIN
8297,DEF
8298,PIPR
8299,VIRC
8300,HLT
8301,REGI
8302,CHMG
8303,THTI
8304,WAYN
8305,REGN
8306,SLAB
8307,EWSC
8308,IEFA
8309,EWMC
8310,HBCP
8311,ISIG
8312,EMIF
8313,IONS
8314,AXTI
8315,MPX
8316,AVA
8317,PSIX
8318,AVD
8319,AVLNF
8320,AVT
8321,MPC
8322,CHDN
8323,CAPE
8324,IBCP
8325,JAZZ
8326,MATN
8327,SPGM
8328,STPZ
8329,AAOI
8330,AAON
8331,CXO
8332,WEBK
8333,CONN
8334,GPRK
8335,DRN
8336,GPRE
8337,GPRC
8338,LFUS
8339,XMVM
8340,GLNG
8341,DRQ
8342,RJI
8343,RJN
8344,EBS
8345,RJF
8346,RJZ
8347,EBF
8348,NTGR
8349,QTEC
8350,PANL
8351,NAVI
8352,AGM.A
8353,ADUS
8354,LOW
8355,LEMB
8356,FHK
8357,FHN
8358,IMUC
8359,TDS
8360,TRCH
8361,TDC
8362,SRT
8363,SRS
8364,SRI
8365,SDIV
8366,TRNS
8367,WMGI
8368,BCC
8369,BCE
8370,HNI
8371,BCO
8372,BCM
8373,PST
8374,GABC
8375,PSQ
8376,PSP
8377,ASUR
8378,PSR
8379,INWK
8380,KFRC
8381,DXGE
8382,PSI
8383,PSK
8384,PSJ
8385,XRT
8386,TYBS
8387,FFBC
8388,MGIC
8389,CTXS
8390,OPOF
8391,SABR
8392,GPOR
8393,SWKS
8394,TPRE
8395,LEAF
8396,UMBF
8397,HMNF
8398,EELV
8399,UBSI
8400,SPHY
8401,X
8402,CSPI
8403,MTEM
8404,UXI
8405,LIVE
8406,CFNB
8407,MTUM
8408,AMSC
8409,AMSF
8410,MDT
8411,AIRT
8412,AIRR
8413,AIRI
8414,TARO
8415,IMO
8416,VCR
8417,OCSI
8418,BIIB
8419,ICUI
8420,ANSS
8421,GEF.B
8422,SPAR
8423,DNKN
8424,SOCL
8425,RELV
8426,CRWS
8427,FMAT
8428,SEB
8429,LANC
8430,VTIP
8431,KXI
8432,PAYC
8433,JNJ
8434,CSOD
8435,PAYX
8436,EMKR
8437,UCTT
8438,APD
8439,APA
8440,ORBC
8441,APT
8442,ORBT
8443,MRC
8444,MRK
8445,MRO
8446,HYLS
8447,CBOE
8448,CFR
8449,CFX
8450,PNM
8451,MRLN
8452,PNW
8453,PNR
8454,CULP
8455,CNTY
8456,FRGI
8457,NBHC
8458,HEAR
8459,A
8460,LH
8461,LM
8462,LL
8463,LB
8464,LE
8465,LD
8466,SR
8467,COHU
8468,XPO
8469,COHR
8470,FCBC
8471,DPZ
8472,VXUS
8473,EDZ
8474,EDV
8475,EDSFF
8476,NTAP
8477,EDC
8478,SGEN
8479,BFAM
8480,WLTW
8481,KTOS
8482,ARTW
8483,VRTX
8484,FJP
8485,STPP
8486,SYPR
8487,NORNQ
8488,NOW
8489,NOV
8490,HLF
8491,NOC
8492,NOA
8493,EHC
8494,NOG
8495,HLX
8496,RDOG
8497,GRNTF
8498,GRA
8499,GRC
8500,EIRL
8501,GRU
8502,BEN
8503,XPP
8504,IXP
8505,IXG
8506,IXC
8507,XPL
8508,IXN
8509,XPH
8510,IXJ
8511,FTFT
8512,SPR
8513,SPY
8514,UGE
